Date, Company, Payment Type, Material, Yards, Optional Info, Driver Name, Driver Signature


2020-02-12,CSRA Computer,Cash,Trees/Limbs,20 yards,asf,Danny Melchior,Data URL for your signature will go here!
2020-02-12,fff,Account,Brick/Block,43 yards,asf,fff,Data URL for your signature will go here!
2020-02-12,ASF,Cash,Trees/Limbs,33 yards,asfdag,dg,"data:image/png;base64,iVBORw0KGgoAAAANSUhEUgAAAbMAAACgCAYAAACG2IIGAAAQUElEQVR4Xu3df4hlZR3H8ec5c2fWVVnNrG11nLnPc2cUibYQUpT6I/+Rsp9SBCZWUFgYREhJUaAIEmkUSFoSlhFUkIYVGCElWWE/oC1a2113znNnN7ettXVjN3fdnTnfOMusjev9cc6953nufc59zz9BnvM8z/f1fWY+e+8951yt+EEAAQQQQCByAR35+lk+AggggAACijBjEyCAAAIIRC9AmEXfQgpAAAEEECDM2AMIIIAAAtELEGbRt5ACEEAAAQQIM/YAAggggED0AoRZ9C2kAAQQQAABwow9gAACCCAQvQBhFn0LKQABBBBAgDBjDyCAAAIIRC9AmEXfQgpAAAEEECDM2AMIIIAAAtELEGbRt5ACEEAAAQQIM/YAAggggED0AoRZ9C2kAAQQQAABwow9gAACCCAQvQBhFn0LKQABBBBAgDBjDyCAAAIIRC9AmEXfQgpAAAEEECDM2AMIIIAAAtELEGbRt5ACEEAAAQQIM/YAAggggED0AoRZ9C2kAAQQQAABwow9gAACCCAQvQBhFn0LKQABBBBAgDBjDyCAAAIIRC9AmEXfQgpAAAEEECDM2AMIIIAAAtELEGbRt5ACEEAAAQQIM/YAAggggED0AoRZ9C2kAAQQQAABwow9gAACCCAQvQBhFn0LKQABBBBAgDBjDyCAAAIIRC9AmEXfQgpAAAEEECDM2AMIIIAAAtELEGbRt5ACEEAAAQQIM/YAAggggED0AoRZ9C2kAAQQQAABwow9gAACCCAQvQBhFn0LKQABBBBAgDBjDyCAAAIIRC9AmEXfQgpAAAEEECDM2AMIIIAAAtELEGbRt5ACEEAAAQQIM/YAAggggED0AoRZ9C2kAAQQQAABwow9gAACCCAQvQBhFn0LKQABBBBAgDBjDyCAAAIIRC9AmEXfQgpAAAEEECDM2AMIIIAAAtELEGbRt5ACEEAAAQQIs5rtgbm5uQcbjcbbRORcpdTUWnla6+KtFhGVHy8ikmXZtcvLy4/WjIlyEECgZgLF/8LVrPBYypmbm7uh0WjcISIXKKWmT627VDpVUKyIrDrnGhUMxRAIIIBA5QKEWeWkww/YbDa3a60vDR1YRVeeZdnRdrt9ZtHjOQ4BBBDwLUCY+RYuOP78/PwfkyS5bFwDrFMZ+duQInKw3W6fX7BMDkMAAQS8CBBmXliLDTo/P/9YkiRXhwiwPHXWreqEUmrf6urqbXv27Hnw9NUaY1a01qc+bytUzNr4O51zlxY6gYMQQACBCgUIswoxiww1Nzf3w6mpqeuGDbC1bDoZUHmQaK2PaK2fTNP0miLrKHqMMSYru9Z8PVNTU4/s3r37PUXn4TgEEEBgGAHCbBi9gufOzc3dNzU1dVPZUFgLqmPOuY0Fp/J22IUXXnj1zMzMY2VryIMtSZKPLS0t3e9tcQyMAAITL0CYedoCi4uLX1hZWbm97B//tQB7wTl3hqelDT3s/Pz8LUmS3FW2tjzYjhw5csGBAwf2D70IBkAAAQTWCRBmFW6HrVu33nj48OFvl/0jvxZgx51zGypcTpChms3mw1rrd5epOcuy1SRJ7knT9FNBFskkCCBQewHCbMgWz87OXj49Pf1kmT/mp6YUkRPOuZkhlzA2pxtjtimltha1yLLsuXa7fd7YFMBCEEAgWgHCbMDWGWNWtdZJ2dNFZMU59+LNz2XPj+V4a+0/lVKv7rfe/CEjzrlSV072G5P/jgACkydAmJXs+SAhNikB1oUyMcYc1lp3vck6/yzNOVf6HwYlW8fhCAwtsHnz5rPOPvtsIyLzImKSJDn5v0qpk/+f1vqtaZr+YeiJGKC0AGFWkKxsiE14gHVUtdZ+USl1azfy1dXVzywvL99VsCUchkBwAWvt75VSb+wx8fVpmn4v+MKYUBFmfTZBmRAjwPr/Rs3Ozl4xMzPzZLcjsyzb3263t/QfiSMQCC9gjPm+1vr9PWZ+7tixYxfv27fv2fCrm+wZCbMu/S8aYjyAd7BfoF43Y/M52mCmnOVfoNVq3S0it/SaSUT+5Jy7zP9qmGG9AGF22n4gxML9glhrjyilzuo0I5+jhesDMxUXMMbcnCTJ50TkX0qpN3Q484iILDjn8gug+AkoQJitYRNiAXfduqmMMfdrrT/abfZNmzZdvG3btqdHszpmRaCzgLX230qp028rOSwiiwTZaHbNxIdZ0RDLb/Rtt9t8n5eHfbply5Y3bdy48YluQ6+uru5YXl7mAcYe7BmynMDCwsKmLMuWlVL5l9+u//mviLQIsnKeVR49sWFWNMS4qKPK7dZ7LGNM/sDkjgfV7QbzcKrMVJUAQVaVpJ9xJi7MSoRYrZ7O4Wf7VD+qtfYFpVTHp6LwOVr13oxYTKDZbJ6bJMkSby0W8xrFURMTZiVCLMpnJI5i8/ia0xjziNb6nd3GT9M0f4blcV/zMy4C6wV4RRbHfqh9mJUIsbF+Un0c26m6VVprr1NKPdRtxCzLft5utyv97rbqVs9IdREgyOLpZG3DrOiXSmZZdrTdbnd91FI8raznSq21678h+yVF0rt69nxcqjLGXK61flwpdfr3CXLV4rg0ad06ahdmxpgXtNZ9n0QvIoedc5vGsCcs6TQBY8yK1rrjw4j5HI3t4kOg1Wp9SUQ+3WFsrlr0AV7BmLUKs17/ij9lJSL/cc6dflltBZQM4VPAWpt/vczre3yOVqu97NOSsXsLWGt3KaUWOxzFK7Ix3jy1+QPQL8hE5JBz7hVj3AuW1keg1WrdJCJf73ZYo9G4d9euXTcDiUBZgWazeY3W+ita60uUUi/7BgcRSZVSV3EfWVnZcMfXPsx4GyrcZgo003lrT1/oOF2WZQfb7fYrA62FaeIVOKPVan1DRN6llDqnTxnPbty48ZLt27cfjLfc+q+81mE2MzNz/o4dO/LHzvBTM4FeV6nyD5iaNbuicvJXX0mSfHXtLcReXwibX3R06m/jj9I0za+s5WfMBWoVZiKi8idI8NSOMd91FS3PGLOstZ7rNlyaprXZ3xWRTdwwrVbrOyKS37PY79XXS2y01n9bXV29vd1u/2Di0CItuDa/7AsLC69qNBoZr8Qi3YkDLtsYc4fW+vME2oCANTvNWvtlrfWN+bMTRaTss1QzpdQ+pdSdaZreVzOa2pdTmzCrfacosKdArwuAeIVW383TarXuEpEPKqXOX/fWYJmCn9da/2rDhg0ffuqpp/aXOZFjx0uAMBuvfrCaIQR63ShPoA0BO0annnrlJSL5RT6D/P3i1dcY9bPKpQyyGaqcn7EQqFTAWptfcdbxFgwCrVLqIINVEF75Op9XSv06TVMefxaka6OZhDAbjTuzehQwxtyjtf5EpykINI/wFQxdwduG+SpWlVLPiMgdzrlvVrAshohAgDCLoEkssbzAwsLCd7Ms+wCBVt4u5BnGmEe11m9ee/7hy25WLrgWwqsgVJ0PI8zq3N0Jr63ZbD6UJEnHe4R4hRZ+c8zOzl6xYcOGB0Qkf1TU9BArILyGwKvrqYRZXTtLXScFrLU/Vkq9g1do4TeEMeYWrfWtSqn8Yo1BX3XxtmH41kU5I2EWZdtYdBkBa+0vlFJvIdDKqA12rLV2t4g0u33LQcFReeVVEIrD/i9AmLEbJkLAGPNbrfWVBJqfdhtjlrTWdsDRT14un9/8vrS09OCAY3DahAsQZhO+ASapfGPM77TWlxNo1XXdWvu0Umqh5IjHlVJ/mZ6evmHnzp07S57L4Qh0FCDM2BgTJWCM+bPWeiuBNlzbS7wSE611/oWWP0vT9H3DzcrZCHQXIMzYHRMnYK39q1LqtQRa+daXeCX20zRNO154U35WzkCgvwBh1t+II2ooYK3N3966mEAr1lxCrJgTR41OgDAbnT0zj1jAWpt/e7Ah0Lo3ghAb8SZl+sIChFlhKg6so4C1do9S6iIC7aUChFgdd3u9ayLM6t1fqisgYK3Nv/pjc6dDReSgcy6/6Xcifowx/9Bav6ZAsXwmVgCJQ8IJEGbhrJlpjAWMMc9orS/otkSt9eNLS0sdb7we47IKL80Yk9/ntaXACYRYASQOCS9AmIU3Z8YxFWi1Wn8XkQu7LU9E8svM35um6cNjWkLpZfFKrDQZJ4ypAGE2po1hWaMRaLVay1mWXaS17vq7kYeac26YZw2Oprh1sxJiI28BC6hYgDCrGJThaiEwY4w51ivQ8ipF5Khz7syYKi7xdmL+ZZb5V7Pwg0AUAoRZFG1ikaMQWFxc/NDKysoDBULNOecGfS5hkNIIsSDMTDJCAcJshPhMHYeAtfY3Sqmr+qxWkiR5YPfu3R8Zp6oIsXHqBmvxKUCY+dRl7FoJGGMOaa3P6VVU/nna/v37548ePbp3lMUTYqPUZ+5RCBBmo1BnzqgFjDEr/b6vS0RWnHPDfJvyQEaE2EBsnFQDAcKsBk2khNEIGGOyAp+niVLqea313Wma3lb1Sq211yql7hWRnldgrpuXCzuqbgLjjYUAYTYWbWARsQosLCz8JMuyt5dZ/9r9ajsPHjx45aFDhw4VObfZbN6WJMknReScfgHaZTxCrAg0x0QrQJhF2zoWPk4CvR6J1W+debgppU5MTU197fjx48cajcbHhwit06cjxPo1gP9eCwHCrBZtpIhxETDGHNdaN5RSo/7dIsTGZVOwjiACo/6FC1IkkyAQWsAYs00p9TqtdcgnhZxQSt3p47O50H7Mh0BZAcKsrBjHIzCggLX2uarePhSR/OKTA1mWfbbdbn9rwCVxGgK1ESDMatNKColNYHZ29oqZmZlfisgZpy7qWLs45MXfy7XQ2nfixInr9+7d+0RsNbJeBEIJEGahpJkHAQQQQMCbAGHmjZaBEUAAAQRCCRBmoaSZBwEEEEDAmwBh5o2WgRFAAAEEQgkQZqGkmQcBBBBAwJsAYeaNloERQAABBEIJEGahpJkHAQQQQMCbAGHmjZaBEUAAAQRCCRBmoaSZBwEEEEDAmwBh5o2WgRFAAAEEQgkQZqGkmQcBBBBAwJsAYeaNloERQAABBEIJEGahpJkHAQQQQMCbAGHmjZaBEUAAAQRCCRBmoaSZBwEEEEDAmwBh5o2WgRFAAAEEQgkQZqGkmQcBBBBAwJsAYeaNloERQAABBEIJEGahpJkHAQQQQMCbAGHmjZaBEUAAAQRCCRBmoaSZBwEEEEDAmwBh5o2WgRFAAAEEQgkQZqGkmQcBBBBAwJsAYeaNloERQAABBEIJEGahpJkHAQQQQMCbAGHmjZaBEUAAAQRCCRBmoaSZBwEEEEDAmwBh5o2WgRFAAAEEQgkQZqGkmQcBBBBAwJsAYeaNloERQAABBEIJEGahpJkHAQQQQMCbAGHmjZaBEUAAAQRCCRBmoaSZBwEEEEDAmwBh5o2WgRFAAAEEQgkQZqGkmQcBBBBAwJsAYeaNloERQAABBEIJEGahpJkHAQQQQMCbAGHmjZaBEUAAAQRCCRBmoaSZBwEEEEDAmwBh5o2WgRFAAAEEQgkQZqGkmQcBBBBAwJsAYeaNloERQAABBEIJEGahpJkHAQQQQMCbAGHmjZaBEUAAAQRCCRBmoaSZBwEEEEDAm8D/APsQR92x3UswAAAAAElFTkSuQmCC"
2020-02-12,11124,Cash,Trees/Limbs,11 yards,asf,adf,"data:image/png;base64,iVBORw0KGgoAAAANSUhEUgAAAbMAAACgCAYAAACG2IIGAAAQQklEQVR4Xu3dyY/kZhnH8de1DQkwoQMkQVObnWGRQMCQjIhCRCSEuHBH4pAbB04cEOJf4Bhx5MwFiQMS4sQFgRQWhVZy4MBk0rbbVRmyNbOESSZVLhs5mVa6q+zqKrftep/3/c6BSMh+l8/z1vym7NcuR/EHAQQQQAAB4QKO8PEzfAQQQAABBBRhxiJAAAEEEBAvQJiJLyETQAABBBAgzFgDCCCAAALiBQgz8SVkAggggAAChBlrAAEEEEBAvABhJr6ETAABBBBAgDBjDSCAAAIIiBcgzMSXkAkggAACCBBmrAEEEEAAAfEChJn4EjIBBBBAAAHCjDWAAAIIICBegDATX0ImgAACCCBAmLEGEEAAAQTECxBm4kvIBBBAAAEECDPWAAIIIICAeAHCTHwJmQACCCCAAGHGGkAAAQQQEC9AmIkvIRNAAAEEECDMWAMIIIAAAuIFCDPxJWQCCCCAAAKEGWsAAQQQQEC8AGEmvoRMAAEEEECAMGMNIIAAAgiIFyDMxJeQCSCAAAIIEGasAQQQQAAB8QKEmfgSMgEEEEAAAcKMNYAAAgggIF6AMBNfQiaAAAIIIECYsQYQQAABBMQLEGbiS8gEEEAAAQQIM9YAAggggIB4AcJMfAmZAAIIIIAAYcYaQAABBBAQL0CYiS8hE0AAAQQQIMxYAwgggAAC4gUIM/ElZAIIIIAAAoQZawABBBBAQLwAYSa+hEwAAQQQQIAwYw0ggAACCIgXIMzEl5AJIIAAAggQZqwBBBBAAAHxAoSZ+BIyAQQQQAABwow1gAACCCAgXoAwE19CJoAAAgggQJixBhBAAAEExAsQZuJLyAQQQAABBAgz1gACCCCAgHgBwkx8CZkAAggggABhxhpAAAEEEBAvQJiJLyETQAABBBAgzFgDCCCAAALiBQgz8SVkAggggAAChBlrAAEEEEBAvABhJr6ETAABBBBAgDBjDSCAAAIIiBcgzMSXkAkggAACCBBmrAEEEEAAAfEChJn4EjIBBBBAAAGrw8x13dRxtiNI0zRVSn3wn1ar9Tvf93+qlIpYSggggAACuxPY7m/y3Y2z0p49z8sCKUsktW2YFQ3kw4xTLwVB8I1KB0tjCCCAAAJnClgXZq7rJk5VCVbA6/u+da5nrjQOQAABBGoUsOov3SaC7LhWBFqNq5amEUAAgSUBa8KsKMju3wPbaGFs+43O9/0HlVLvbdQ4ByGAAAIIlBawIszG4/Gi1Wq1lpWSJEnCMGyX1bt8+fKzi8XiF0qpp4qCLo7jgyiKLpftg/MQQAABBM4WMD7MhsPhvNPpdJYpsm9kQRCsBNzZZPlHFAVmdvRsNntzOp0+WrZtzkMAAQQQWC9gdJi5rvt3x3G+WXeQHbd/RqDdmU6nD7EgEUAAAQSqFzA2zDzPe0Ep9XQeWZ2bMwaDwd1ut5vdK1v5E8fx+1EUfaz6MtIiAgggYLeAyWH2wYNfy3/qDLLjvvr9/lGv13s4r//z3qeze7kyewQQQCBfwMgwO34oehdBdtznYDCIut3uII89TdMkCILSG09YzAgggAACpwWMC7OiLfhxHF+PougLTS6Aq1evfvno6OhfBFqT6vSFAAI2ChgVZmu24L8fhuHO7lUVfVOsekeljQuYOSOAAAKZgDFhNhgMbnS73c8tl1WXS3oEGh84BBBAoD4BY8IsLyx0++ZT9JZ+3cZZ33KjZQQQQKAeASPCrOg+WRM7F7cty7rXalX5EPe24+J4BBBAQLKA+DArCof5fB5NJpORjsUpGjPb9nWsFmNCAAEJAqLDbDwe32u1WheWoSWEQlGg8eorCR8bxogAAroJiA0z13VfdBznyZwNH5W+c7HOgq25PJo9g5bU2TdtI4AAAiYJiAyzoo0UWWF0vE+2bsHo8IC3SQuauSCAgJ0C4sIsC7Jsu33eT7pIC7JsyV29etU7Ojo6kPwN086PDrNGAAGdBMSFWdEW/DiO35xMJo/phLvpWPr9/u1er3dR4r2/TefIcQgggECdAqLCLO8eU5qmynGcv/q+/606oepu23XdheM4K7+vNpvN3plOpytBV/d4aB8BBBCQJCAqzPK+lUm8tFi0QNa8VzKIosiTtLAYKwIIINCkgJgwc133nuM4p7bhm/jmDDaENLn86QsBBEwRkBRmqeOcHq5J38pOLigCzZSPF/NAAIGmBMSEmed52XNXp8ZrapgNBoNpt9u9tLwITPwm2tRCpx8EEDBbQFKYrfxytKlhli254XAYdzqdlR/wlPB2E7M/MswOAQR0FBATZtluv6VvZtmbPoz+teai32ebzWa3ptPpno4LijEhgAACuxAQE2a7wNGhzzVv2f9BEAS/1WGMjAEBBBDYtQBhtusKbNA/G0I2QOIQBBCwWoAwE1L+gkBLfd9fedBayJQYJgIIIFCZAGFWGWW9DQ0Gg9e73e6jy72ww7Fed1o/W8B13eeUUs87jvOwUuqOUuohpdRt3/c/dfbZHIFANQKEWTWOjbRStCGEHY6N8NPJCQHP815O0/QrjuPkbsJK03QRBEEHNASaEiDMmpKuqJ81P+r53+l0+umKuqEZBFYEsgBTSn1tExrCbBMljqlSgDCrUrOhtooCzXGcZw4ODl5oaBh0Y4GA53m/T9P0+3kvwV43fcLMgsWh2RQJM80Ksulw2OG4qRTHlRHwPO9dpdQDW56bvXLubaXU60qpPx4cHPxsy/M5HIHSAoRZabrdnvjEE08Mb968ebg8CjaE7LYuuvfued6NNE0fzb5pZT9yu+03rpz5zdI0/VEQBL/Wfe6Mz2wBwkxwffv9/pu9Xu+zBJrgIlY89PF4/EvHcX6slOo6juNk/7jJ/ltxN7MkSX4ShuGvKm6X5hAoLVD1Ii89EE4sJ8AOx3JuOpyV1e44aO4HT/ZDszoMLW8McZIkPw/D8HldB8i47BbQ9pNjd1m2m/2aHY5vTafTR7ZrjaOrFPA87w9pmn5PKdWp4RtSlUMtausV3/e/2ERH9IHAeQQIs/PoaXRu3k/kZMO7cePG+N69eyv31jQaurFDKfpHhg4TTtM0+xY4dxznveXxpGn6ou/739VhnIwBgU0FCLNNpQQcxw5HPYqkS4jdD6z3MxXHcW6lafqq7/vP6KHEKBCoVoAwq9Zzp61dunTpqQsXLvwt51/a2c/l8A7Hmqvjuu5bjuN8ZttustBRSmX/s/KbfffbOvX/Z/s6cvq4q5SKfN//6rb9czwCJggQZiZU8cQc+v3+Ua/Xy96Rd+oPW/brLfRZ38ZOBNZcKfV2EAQrvyRe7whpHQGzBQgzA+tbtMMxjuNFFEW8L6/imhdd3j3uJk3TLLxWHqGoeBg0h4DVAoSZoeUv+qYwn8/fmEwmjxk67cantS7I+DbceDno0GIBwszg4hftcNzb2+vt7+9nl7v4cw6BoiAjxM6ByqkIlBQgzErCSTmNHY71VGpNkMVBEHTr6ZVWEUCgSIAwM3xtjEajf7fb7ZWHXvn2UL7wBFl5O85EoC4BwqwuWY3a7ff7N3u93sqv/vKjntsXiSDb3owzEGhCgDBrQlmDPtjheP4iEGTnN6QFBOoSIMzqktWw3TU7HF+bTCZ9DYeszZDG4/Etx3EuLr9fMU1T7pFpUyUGYrMAYWZZ9ddsCMneEFL0BgrLlFanm+dGkFm/LADQSIAw06gYTQ2FHY7bSWffylqt1kMnz0qSZBGGIQ+gb0fJ0QjUJkCY1Uarb8PD4fDVTqfz+PII2eGYX7O8y7O+7/PZ0XeJMzILBfhAWlj0bMr9fv9Or9f75PL02eF49iVGQt/SDw3T1lqAMNO6PPUOrmiH43w+n0wmk2G9vctoveAS4+0wDFcedZAxI0aJgJkChJmZdd14VkU7HLmM9iEhlxg3XkociMBOBQiznfLr0XnBhpDU933rfwNt2YZLjHqsWUaBwLIAYcaaUMPh8JVOp/P5ZQr+4lZqOcySJHknDMOLLBsEENBLgDDTqx47G81wOIw7nU57eQCz2ezWdDrd29nAdtgxlxh3iE/XCGwpQJhtCWby4UX3z9rt9pXr16+/bPLc8+aWd/mVe4m2rQLmK0WAMJNSqYbGyQPVH0Fzv6yhRUc3CFQgQJhVgGhaEwWvbkqDILBmQ4jneX9WSn17qbZ/8X3/WdPqzXwQMEGAMDOhihXPYTAYTLvd7qXlZm16oJr7ZRUvKppDoGYBwqxmYKnNr3mg2oo37HO/TOrKZdy2ChBmtlZ+g3nb/EA198s2WCAcgoBGAoSZRsXQcSg2bggZj8d3Wq3WqfdWsotRx9XJmBD4SIAwYzWsFbhy5cro9u3b4fJBJj9Qzf0yPhQIyBMgzOTVrPERFz1QHcfxIooi437TK+cSowqCgM9K4yuPDhHYXIAP6OZWVh9ZdP9ssVh85/Dw8E8m4eS8wioJw3Dl7SgmzZm5ICBdgDCTXsEGx2/DhpC8XZzcL2twkdEVAiUFCLOScLaeZvoD1dwvs3VlM2/pAoSZ9Ao2PP7hcPhqp9N5fLlbUx6oZkt+wwuK7hCoSIAwqwjSpmbWPFD9xmQyeUyqxWg0+l+73f74yfEvFou7h4eHn5A6J8aNgC0ChJktla54nkX3z/b29nr7+/vzirtrpDkuMTbCTCcI1CJAmNXCakejpj1QzSVGO9YtszRTgDAzs66NzcqUDSFcYmxsydARArUIEGa1sNrT6GAw+E+32125TybtgWouMdqzZpmpmQKEmZl1bXRWRRtCFovFtcPDwy81OpiSnXGJsSQcpyGgiQBhpkkhpA9D8gPVXGKUvvoYPwJKEWasgsoEpN4/4xJjZUuAhhDYmQBhtjN68zoej8cvtVqtry/PTPcHqrnEaN5aZEb2CRBm9tW81hkX3T+bzWZvTafTR2rtvETjXGIsgcYpCGgoQJhpWBTpQyq6f9btdi9eu3btHZ3mxyVGnarBWBAoL0CYlbfjzDUCUh6o5hIjyxgBMwQIMzPqqOUsdA80LjFquWwYFAKlBAizUmyctInAcDgMO53OKO/YOI4Poygab9JOXcdwibEuWdpFoHkBwqx5c6t6LNoQkiHsepcjlxitWopM1nABwszwAuswvXWBlqZpGgRBq+lxjkaju+12+8GT/S4Wi3cPDw9P/QRM0+OiPwQQKCdAmJVz46wtBTzPe0Ep9XTeabsINNd1U8c5vfx93+fzsGVdORwBXQT48OpSCUvGUbQpJJu+7/vt7Opj3RSu677oOM6TJ/vZRaDWPU/aR8AmAcLMpmprMtei59Cy4c3n89cmk0m/zqHmBWqSJD8Mw/A3dfZL2wggUJ8AYVafLS2vEVgXaHVuDBmNRu+22+0Hlr6VqSAI+CywYhEQLMAHWHDxpA99FxtDCi5zXvV9/5/SPRk/AjYLEGY2V1+Dua/bGKKUSn3fr2ynY963Qe6VabAIGAICFQgQZhUg0sT5BdZtDEmSZD8Mw1MbNsr0mNeHju+LLDM3zkHAdgHCzPYVoNH8191Hi+M4jqKoW3a4fCsrK8d5CMgQIMxk1MmaUVb1xhDP855MkuQfzv2HyY7/exKS58qsWVZM1AKB/wOiOWPsVo9eKAAAAABJRU5ErkJggg=="
2020-02-12,bbb,Cash,Trees/Limbs,111 yards,111,11111,Data URL for your signature will go here!
2020-02-12,333,Cash,Concrete,333 yards,333,333,Data URL for your signature will go here!
2020-02-12,444,Cash,Trees/Limbs,4 yards,44,4,"data:image/png;base64,iVBORw0KGgoAAAANSUhEUgAAAbMAAACgCAYAAACG2IIGAAAPmElEQVR4Xu3dT4wbZxnH8fe1N5ukpSBoy59ms/a8E8GBEweQoAiQ4IBABSTUih4KJ/5cQUKAQJwAQQ9w5c8NJECtQFCokKBI9NBcQJxQJaL4nfEGJUS0CEqapKw9L3KIYTw7s2uvZ8bv8843pyRrz7zv53m8P72vx2Ot+IMAAggggIBwAS18/AwfAQQQQAABRZjRBAgggAAC4gUIM/ElZAIIIIAAAoQZPYAAAgggIF6AMBNfQiaAAAIIIECY0QMIIIAAAuIFCDPxJWQCCCCAAAKEGT2AAAIIICBegDATX0ImgAACCCBAmNEDCCCAAALiBQgz8SVkAggggAAChBk9gAACCCAgXoAwE19CJoAAAgggQJjRAwgggAAC4gUIM/ElZAIIIIAAAoQZPYAAAgggIF6AMBNfQiaAAAIIIECY0QMIIIAAAuIFCDPxJWQCCCCAAAKEGT2AAAIIICBegDATX0ImgAACCCBAmNEDCCCAAALiBQgz8SVkAggggAAChBk9gAACCCAgXoAwE19CJoAAAgggQJjRAwgggAAC4gUIM/ElZAIIIIAAAoQZPYAAAgggIF6AMBNfQiaAAAIIIECY0QMIIIAAAuIFCDPxJWQCCCCAAAKEGT2AAAIIICBegDATWMIoipzW/y+dc04lSUItBdaSISOAQD0C/AKsx7HVoxBmrXJzMgQQECBAmAkoUnGIxTCb/dxaSy0F1pIhI4BAPQL8AqzHsdWjGGNc8YSEWasl4GQIIOCZAGHmWUGOGk4URY9prR8sPs45N02SZOuo5/NzBBBAIEQBwkxYVcu2GOdTYHUmrJgMFwEEahMgzGqjbP5AcRz/xjn3nqozEWbN14AzIICAnwKEmZ91KR3VYauy2RO01tdGo9FdgqbEUBFAAIFaBAizWhibP0gcx08659531JlYnR0lxM8RQCBEAcJMSFUrVmX7SqkT+SkQZkIKyjARQKBWAcKsVs5mDhbH8c+ccx/MH90557Is+1K/3/8qYdaMO0dFAAE5AoSZgFqVrcqm0+l94/H4SvEzZ1rrF0aj0SsETIshIoAAArUJEGa1UTZzIGPML5VS7y+uypIk6c3+rxhm3KexmTpwVAQQ8FuAMPO7PgfCajbc+aps9vcoiqZa61vBNv/D+2aeF5XhIYBA7QKEWe2k9R0wiqJM52+Pr5SavVc2X5XdXpk9pZR6N2FWnztHQgABeQKEmac129nZOb29vX29OLytra17L1y48Fz+/0vu1Ti21g49nRrDQgABBGoX2FiYcef3w2tZ5lNclc2PUPK+2cLqrfau4YAIIICAZwIbC7Nz587dO51Or+a30SaTyXRvb6/zN8uNoujfWuuFz4/N+qbqvbCy7UjeN/PslcZwEECgUYGNhdlgMJj0+/1+cXb8Ej54heLMyDn38yRJPlTWDcaYVCk14H2zRl8rHBwBBDwW2FiYzUyWucDBY7tGhnZck5L3zX5rra28KXEjg+egCCCAwIYENhpmszmXfdHkZDKxe3t78YZMNnbaKIr+prW+5zir1ZL3zbIkSQ6sfDc2OU6MAAIINCiw8TAbDoeTXq/HdmNFsGutnx6NRu86qge4oOYoIX6OAAIhC2w8zNhu/G97HXd7cd6ccRz/0zn38nyz8v5jyC9d5oYAAnkBL8JsMBi8td/vny+Wxjn3eJIkD4VeMmPMk0qpA1/vsmoYFbcap9PpF8fj8ddC92N+CCCAgBdhdsjKRCVJ4s0Ym2qXsvcNsyz7R5qmr1zlnCXHeclae2qVY/BYBBBAQKKAV0FR8Us9S9M02AsZKrYXjxXiZX6rru4kNjFjRgABBLwKs8Fg8GK/37+jWJZQfyFXXfxy8+bNOy9fvnzgVlZHtasx5oZSamElFqrdURb8HAEEuiXgVZgdst0Y3O2Z4jh+yjm3cIPg2fyzLHshTdNjfx9ZyersgrX2Dd1qa2aLAAJdE/AuzGYF6MJ22Sr3XlylKblP4ypaPBYBBEIR8DLMyr6jq+omuxILUfY+2WwedWwJGmP2lVIL97es47gSnRkzAgh0R8DLMAt8dbZ1O3AWuqyuwDHGPKGUeiB/8CzLPpOm6be609bMFAEEuibgbZiFujpransx37gl27QTa+2Bu/B3rdmZLwIIhCvgbZiFuDobDAbX+v3+ncV2qmtVNj9uF95zDPclycwQQOA4Al6HWWirs7KQUUo9Y619+3GKV/WcOI6fc87dnf953YFZ53g5FgIIILCugNdhFtLqbN17L65aaC7RX1WMxyOAgGQB78MshNWZMeZppdQ7mt5ePOx9M+fcse4qIrm5GTsCCHRHwPswC2F1Vra9OJ1OXxyPxy9rqtW4RL8pWY6LAAI+CogIM8mrszrvvbhKAw2Hw0/3er1v5p/DJfqrCPJYBBCQJCAizCSvzjZ5ZSGX6Et6KTJWBBBYR0BMmEVRNNFaL9w93/e7grTxmbLDis+3T6/z0uC5CCAgSUBMmElbnQ0Gg3/1+/0D74m1eYm8MebPSqnX5xuyzfNLeiEwVgQQkC0gKszKvjLF19VZxWfKzltr72+zZYrj0Fo/PxqN7mlzDJwLAQQQaFpAVJhJWZ21/Zmyw5pkk+/ZNd28HB8BBBCYC4gLM99XZ3Ec/845985ii21qe49L9HmxI4BAFwTEhZnvq7OKz5RdH4/HB+7J2EaDlV2ir5T6hbX2A22cn3MggAACbQiIDDNfV2eb+kzZUY3CJfpHCfFzBBCQLiAyzHxcnQ2Hw2mv1+sVG+LUqVN3Pfvss9c22ShlIbupbc9NOnBuBBAIV0BsmPm2OivbXsyyLEvTdOGzcZtoJS7R34Q650QAgTYFxIaZT6uzsiDz7SMDJWO8aa093WazcS4EEECgKQHRYebD6qxsC29WLN+28bhEv6mXEMdFAAEfBESH2aZXZ7u7uxe3trbiYiGdc79PkuQtPhR4PgZjzA2l1Kn8mHwLXJ+8GAsCCMgSEB9mm1yd+fw+WbENuURf1guT0SKAwGoC4sOsanW2v79/5dKlS/etxrH8oytuIuz1F2AWw9e39/WW1+eRCCCAwKJAEGEWRdFftdavKRa3qW20qsvwmzpfXU3LJfp1SXIcBBDwTSCIMJuhlq2Umrg0fjAY/Knf77+xWMjJZJLs7e0Z3wqcH48x5gml1AP5/+MLO32uGGNDAIFlBYIJs6rtxrpXS8aYTCm14CZpu67kfb59a+32sg3D4xBAAAEfBYIKs6bvVr+zs3N1e3v71W1tZzbRMFEUTbXWC3cqqTvwmxg3x0QAAQQOEwgqzKpWZ865PyRJ8uZ1W6Hi6sUvpGn69XWP3dbz4zj+kXPuI4XzXbHWNnaxTFtz4zwIINBdgeDCbHd3d39ra2ur7tVT2apM0vZi3oMPUHf3Bc/MEQhVILgwq1qdrXsxSAirsnkTG2MuK6Vel29qrfWPR6PRw6E2OvNCAIGwBYIMszNnzjxy8uTJ79e1OgtpVZYLNFeXT9gvEWaHAAISBIIMsxl8nReDVKzKPp+m6TckFLlsjMaYl5RSC1cxZln2qTRNvyN1TowbAQS6KxBsmFVtNzrnHk+S5KFlSx7iqqxqdeacy5Ik2fhX1ixbGx6HAAIIzAWCDrMoiiZa6wO/nJe9cCOKose01g8W2yXLss+lafqo9DYq+6A5l+lLryrjR6CbAkGHWdXqLFfqn1prP1xW+qogWzYIJbTTcDj8ZK/X+3ZhrGNr7VDC+BkjAggg0ImV2WySURQ9qrX+bFXJy8KpKshmxwht5cJl+vwyQACBEASCX5nNinT27Nm/nDhx4sy6BVv1/bZ1z9fG840xzyil3pY/l3Puo0mS/KCN83MOBBBAoA6BToTZHKrqW6GXgQwxyObzLlmd3bDW3rGMC49BAAEEfBDoVJjNwIfD4R97vd6bVsEPOchmDmU3Tw5tO3WVevNYBBCQJ9C5MMuv0m7/XWt9kME5p2aXqmutf7LKpfzyWuBWmLHVKLFwjBkBBP4n0NkwowcWBdhqpCMQQECyAGEmuXo1jt0Ys6+UWrhBM1uNNQJzKAQQaFSAMGuUV87B4zj+rnPu4/kRa62/NxqNPiFnFowUAQS6KkCYdbXyJfMu2WqcWGtPQIQAAgj4LkCY+V6hFsfHVmOL2JwKAQRqFSDMauWUfTC2GmXXj9Ej0GUBwqzL1WerkeojgEAgAoRZIIWsaxrGmOtKqdP543FVY126HAcBBJoSIMyakhV63CiKHtFaF7+l+7y19n6hU2LYCCDQAQHCrANFXnWKJVc1Omttb9Xj8HgEEECgLQHCrC1pQedhq1FQsRgqAgjcEiDMaIQDAmw10hQIICBNgDCTVrGWxstWY0vQnAYBBGoRIMxqYQzvIMaY55VSr8rPjKsaw6szM0IgFAHCLJRKNjCPktXZ3621dzdwKg6JAAIIrCVAmK3FF/aTS8JMsToLu+bMDgGpAoSZ1Mq1MG62GltA5hQIIFCLAGFWC2O4BylZnV211r423BkzMwQQkChAmEmsWotjNsZkhY9w8AHqFv05FQIILCdAmC3n1NlHRVH0K631e/MAvG/W2XZg4gh4K0CYeVsafwZW3GrUWl8ejUZn/BkhI0EAga4LEGZd74Al5m+MmSql8vdmZKtxCTceggAC7QkQZu1Ziz0TW41iS8fAEeiMAGHWmVKvN1G2Gtfz49kIINCsAGHWrG8wR2erMZhSMhEEghQgzIIsa/2TYquxflOOiAAC9QkQZvVZBn8kthqDLzETRECsAGEmtnTtD5ytxvbNOSMCCCwnQJgt58SjlFJsNdIGCCDgqwBh5mtlPB0XW42eFoZhIdBxAcKs4w2w6vTZalxVjMcjgEAbAoRZG8oBnYOtxoCKyVQQCEiAMAuomG1NpbjV6JyzSZLEbZ2f8yCAAAJFAcKMnlhZwBgzUUr1c0/MrLX5f698TJ6AAAIIrCNAmK2j19HnGmN+qJR6OD99vhamo83AtBHwRIAw86QQ0oZR2Gp0Wusvj0ajr0ibB+NFAIEwBAizMOrY+iyMMVdmJ+31eh+7ePHir1sfACdEAAEEcgKEGe2AAAIIICBegDATX0ImgAACCCBAmNEDCCCAAALiBQgz8SVkAggggAAChBk9gAACCCAgXoAwE19CJoAAAgggQJjRAwgggAAC4gUIM/ElZAIIIIAAAoQZPYAAAgggIF6AMBNfQiaAAAIIIECY0QMIIIAAAuIFCDPxJWQCCCCAAAKEGT2AAAIIICBegDATX0ImgAACCCBAmNEDCCCAAALiBQgz8SVkAggggAAChBk9gAACCCAgXoAwE19CJoAAAgggQJjRAwgggAAC4gUIM/ElZAIIIIAAAv8Btq8S7FsyCgIAAAAASUVORK5CYII="
2020-02-12,55,Account,Trees/Limbs,5 yards,5,555,Data URL for your signature will go here!
,Bills co,Account,Clean Dirt,3 yards,blah,bill,"data:image/png;base64,iVBORw0KGgoAAAANSUhEUgAAAbMAAACgCAYAAACG2IIGAAAPcUlEQVR4Xu3dvc4kRxXG8cf77mvMai1WQlhOHJJDgizfCAkiQXZGxm2QkNoJcsKNWBYRXAARQkKWEBayzXrt5UPFTuHe8Xx095zTfc6p/yshA56urvpVdT1T/TWviD8EEEAAAQSSC7wSrP6fSXp8qNN/Jv/8l6RXg9WV6iCAAAIIBBGIFmb/lrSkTtPAa//9C0nfC2JLNRBAAAEENhJYEhxbVKmH2al6fSrp9UPY9X8/t/6s8rboPfaBAAII7CQwNwy2ql4LnfafBzfs8Jmkh5MV3tw2ssq7AZ1NEUAAgT0F5k70W9WxBcpzSffOO1yzyrs1ZJ2bRPEIIIDAuAKRwqyF2N3Ca2bePTdd5TWrdhq01ZE/BBBAAIFAApHC7NL1sghk0esXwYg6IIAAArsIRAozi+tlnojt1OQTSe0xgXZNjj8EEEAAgSAC0cIs+mm8fpNIJLcgQ4lqIIAAAvsJRJmUvz6sdv4o6cf7cVzdc7+u9/nhMYGrG/ABBBBAAAF/gWhhFqU+l+Sjnw71HzXsAQEEEAgmECU8+sosSn0udVO7Ztaeg8tQ12DDjeoggAACPgJRJuRMYdZ6gtWZz3ikVAQQQGCVAGG2iu1/z5s1uyh+61rBVggggEARgSiTcbaVWV+dcSNIkQOBZiCAQG4Bwmx9/7VTjdEfJVjfOrZEAAEEEgkQZus7i+tm6+3YEgEEEDAVIMzWc3LdbL0dWyKAAAKmAoTZek5u0V9vx5YIIICAqQBhdhtn/3Xrx7cVw9YIIIAAArcIRAmz1oaMN1RkrPMt44VtEUAAgZACkcIs4zUobgIJOaypFAIIjCYQKcz6s2Z/k/SDJB2RMYCT0FJNBBBAYL5ApDDrpxrbaqe9+zDDHzeBZOgl6ogAAuUFooVZtpVOxjeXlB/UNBABBMYTiBZmfXXWfjfsPkF3EGYJOokqIoBAfYGoYZblVCNhVv8YoYUIIJBAIGKYZTrVSJglGORUEQEE6gtEDLN2ivEuyc+rEGb1jxFaiAACCQQihlm/bpbhjfSEWYJBThURQKC+QOQwy3DdjDCrf4zQQgQQSCAQNcyyXDcjzBIMcqqIAAL1BaKG2SeS3pD0VNKjwN1AmNl0TnNsfxkex7BpMaUggICpQNQw69fNop9qJMxshiOONo6UgsCwApHDLMOpRiZhm0MHRxtHSkFgWIHIYZbhvYdMwjaHDo42jpSCwLACkcOsn2psofYwUA/1iXf68y/RHQPxnayKVZhx7S16T1M/BJwEok/CEX8vrE+8x10S/fqe0xAyKdYyzNoXn+jj2gSNQhBA4BuB6Ad9xOtm04m316/9s/9sTXTTiOOfMIvYK9QJgUQC0SfeZ5JeDfZN+3hlNn1TSVudtb/ortGGqFWY/VzSbyX9WtKvojWS+iCAgJ9Ahkk34qnGFmD97/iHRAm05ePVKszanpt/hlehLVdiCwQQOCuQJcyyrXYItGUHnXWYcf1ymT+fRiC9QIYwy3CL/qmBQKDNPzyswyzbl5/5UnwSAQROCmQIs37qKOO3bQJt3oFnGWYRbxqap8CnEEBgtUCWMMs8QRFo14enZZhlXclfV+ITCCCQ+ppZq/zHkt5OfGGfQLt8EFqGmWVZTB0IIJBEIMvKrJ9qzHwthEA7f1BYBpBlWUkOY6qJAAKZwuyrw0+EtMmqPXuW8Y9AO91rlgFkWVbGMUadERhSIFOYVVid9TZkvJnF8wCxDCDLsjzbTNkIIGAokC3M+sX99yW9Z+iwZVHPJd0dHu49fuB6y3os2Ve/AaeHsXW9LQPIsqwlRnwWAQR2FMgWZlVWNj0c/iHpyY79f23X01d3HZ8itRw7lgFkWdY1H/49AggEEbCckLZqUubb9KdGGa6fnQoGj7CwLPMDSb/g/ZhbHY7sB4EYAhnDrMrqLEM7MoZZd432O3gxjnhqgUBRgaxhVmV11q8BRn0xbuYw4yabopMWzULglEDWMMuwqpk74iIHs+Xpv0se1vuJ+EsLc8cDn0MAgRUCmcMscggs7Yqo18/O/ar28bW/W+9utA6zSmNj6Vji8wgMKZA5zD6S9E7iV1xNB9xTSa8FvV1/+ttt5w4SwmzI6YNGIxBHIHOY9VON7Z/Z29Ha0FcT7Tm0+zhDZJOaWK/MeNnwJt3GThCII5A9BCq84mo6GkY9PWYdZn+V9GaRLzlxZgtqgkBggexhVm111tsz2p141mHWHTO/xzPwtEHVEIgnUCHM+iml9rDsu/GIF9co4+uuFjfyaAOvMIv6yMOtXmyPAAJHAhXCrOJqJsvrriwPqLYa/VLSd40K5fZ8I0iKQSCDQJUwq3itKert+l7j2jp8rMvzajflIoCAgUCVMKu4OqvapnPD1jp8Kn7BMTjkKQKBmgKVwqzi5BX9dVeWR4V1/1mXZ9lWykIAAWOBSmFWdSUzyqTcH7OwGpOjuBlPCRSHQE4Bq4kjSuurTmCjXD9r7bS6A7HfFVptjEc51qgHAqEEqh3oH0t623BCjNJZ/zzc5Vf9+TPL62Yet/tHGQ/UAwEEjgSqhVk/1dj+Wa1tI7zuynJlTZgx3SEwkEC1Cb91XbVXXE2HY/XTjZbvVPy9pJ8U/FIz0PREUxGYL1AxzCqvznrbqv6K8qeSnhgGUAt/Xmk1fz7gkwikFagaZv0b/vuS3kvbO6crbnldKSJNa9+zw0/i3Fo/yxtKbq0L2yOAgKNA1TDrK5iKN0xYXldyHFqri7YMoOrBvxqZDRGoJlA5zCpP+m2Srnqq0TKALMuqduzTHgRKCVQOs8qrs8qTtGXbKn+hKTUR0RgEbhWoHmZVJ7Oq7bL+AlLZ6dZjn+0RKCVQPcysJ8dInV/1VKNlAFmWFanvqQsCCBwJjBBmVSc0y9NxkQ4My/7ilVaRepa6IOAoMEKYfSTpnYKvuLKc9B2H2OKiLR+c7itzq/c9Lm4MGyCAwDYCI4RZn9DaP6u1t+KpRuvVVNXQ32aGYC8IJBGoNrmfY6/6iquqpxotQ/oTSW9IaiF5n+S4pJoIILBQYJQwq7o6q7rqsA5p6/IWHmZ8HAEEvAVGCrN+LeYDSe96w25YvuUqZsNqX9yVdUhbX4eL4kQ9EEDgIDBSmPXVWbVXXFVcdXj8fEtFJyYyBBAYNMysv/FHGEgV2+QRZhWdIow/6oBACIHRVmaVV2eV3tXoEWa/kfTLgne0hphIqAQCewuMGGYVv6FXO4XmEWb9i0yl0N97/mD/CIQRGDHMppNa/+Xm7LdsewR0C5T2l91merBVC/0wEwkVQWBvgZHDbHoXYAUH619V9lod7TnmCbM99dk3Ao4CFSbxNTx9JdMepH1Y5DqK9URdMcw8VrBrxh/bIICAscCoYdZPNVYKM+uJmjAzPtgoDgEE/ARGD7O2mmkGFRysHwy2Dke/UTy/ZGuj+Xvmkwgg4CpQYRJfC9Qn67Z9BQfrlVS/OaaCTR8j1kZrxx7bIYCAsUCliWopzWeSHh82quBgPVFbX4Nb2j8en7c28qgjZSKAwAqBCpP4imb/f5NKqw/LibqX9XdJ378FONi2lkbBmkZ1EBhbYPQw66caKzxIazlRW5YV6Qir2q5IxtQFgV0ERg+z/jtnFV4+bDlRW5a1y8C+sNPW108lPYpWMeqDAALrBUYPsyZX5dqQZQBZlrV+dPpsWaW/fXQoFYGkAoSZVOUWdMsAsiwr2qFRpb+juVIfBHYVIMwIs1MDsHKY8azZrlMOO0fAR4Awk/rklv26mWUAWZblM3JvK5VTjbf5sTUC4QQIM+nPkt469ExmD8sAsiwr3KBXndV4RFvqhMAuApknb0uwCs+bWQaQZVmW/WRVVvX2WTlRDgJpBAizF13Vw6zdHHCXpvderqjlBG1ZVkTOLyV959DvDyJWkDohgMAyAcLs5TBr/yuriWUAWZa1bERu92nuatzOmj0h4C6QdeK2hqnw0mHLALIsy7qvrMr7naSfJv7yYuVAOQiUECDMXnRjv6Ox/fespxotA8iyrKgHCmEWtWeoFwIrBAizF2h/kPSjg1/WW/QtA+hDST+T9CdJP1wxrtgEAQQQ2FSAMPuGO/tPwliGWVNpoZ51lbrpQcTOEEBgfwHC7OU+yPwAtUeYNR3GyP7HKTVAAIErAkxU3wbqN4NkW5UQZhzuCCAwrABhdrrre6B9Lun1JKPDOsy4dT1Jx1NNBBDgFNKlMZDtrSDWYcYLeZkhEEAgjQArs/Nd1SfzLL9CbR1m1uWlOSioKAII5BMgzC73WabVGeGT7/ijxgggYCRAmBlBBiiGMAvQCVQBAQT2ESDM9nH32Cth5qFKmQggkEKAMEvRTbMqSZjNYuJDCCBQUYAwq9OrhFmdvqQlCCCwUIAwWwgW+OOEWeDOoWoIIOArQJj5+bZwaX/3frt4qWQect4Imt0ggEA8AcLMr0/6Smmrt/C3/Wy1Lz81SkYAAQRWCBBmK9AWbDL90U/PoOFtHQs6hY8igEA9AcLMv09boLW/bu1hzqrMvx/ZAwIIBBbwmFgDN3f3qnm8UaT/DtvzDa/P7Q5JBRBAAIGpAGG2/XjogdZXU3c3VsEjIG+sEpsjgAAC2woQZtt6971ZnXrs1+T+IumtfZrCXhFAAIH9BQizffvgC0mPDlVY2hf99KLnjSX76rB3BBBAYKbA0gl0ZrF8bKHA9NTjg5nbcnpxJhQfQwCB+gKEWZw+nt7Gf61fOL0Yp9+oCQIIBBC4NmkGqOJwVbh2m31/pozTi8MNDRqMAALnBAizeGPj0mup+r8jyOL1GzVCAIEdBQizHfHP7PrUC4O/mjxD1lZmD+NVmxohgAAC+wkQZvvZX9rz9OYOVmMx+4haIYBAIAHCLFBnTKrSV2f9/+K0Ysx+olYIIBBEgDAL0hEnqtEfrJ57q37cllAzBBBAwFmAMHMGpngEEEAAAX8BwszfmD0ggAACCDgLEGbOwBSPAAIIIOAvQJj5G7MHBBBAAAFnAcLMGZjiEUAAAQT8BQgzf2P2gAACCCDgLECYOQNTPAIIIICAvwBh5m/MHhBAAAEEnAUIM2dgikcAAQQQ8BcgzPyN2QMCCCCAgLMAYeYMTPEIIIAAAv4ChJm/MXtAAAEEEHAWIMycgSkeAQQQQMBfgDDzN2YPCCCAAALOAoSZMzDFI4AAAgj4CxBm/sbsAQEEEEDAWYAwcwameAQQQAABfwHCzN+YPSCAAAIIOAsQZs7AFI8AAggg4C9AmPkbswcEEEAAAWcBwswZmOIRQAABBPwFCDN/Y/aAAAIIIOAsQJg5A1M8AggggIC/wH8BY8phvwLLPxkAAAAASUVORK5CYII="
2020-02-12,test co,Cash,Trees/Limbs,25 yards,blahhh,test driver,"data:image/png;base64,iVBORw0KGgoAAAANSUhEUgAAAbMAAACgCAYAAACG2IIGAAATHklEQVR4Xu2dz4tsRxXH7+3p6X4x4I/gL5zJzNx++JSo4FZ3QdCFbiOILkSy0H/AhaiIkJUI7sXgQkTUpS4UhYAu3LlRifKmb0+/mQeJySIS4nSn+5bUS1/Tc6fuj+6+VV2n7mc2D173rTr1qVP17VN1qm4c8QcBCEAAAhAQTiAWbj/mQwACEIAABCLEDCeAAAQgAAHxBBAz8V1IAyAAAQhAIDgxS5JExXF5s5RSutfVfD6fX11d3cEFIAABCEBAPoFgxCxJkmzVHXGVmK13mVJKpWnak9+NtAACEIBAtwkEIWZHR0fXw+FwuG1XzmazGVHatvR4DgIQgMD+CQQhZnVLi00wE6U1ocR3IAABCPhJQLyYmaKyMmFqEsERpfnpqFgFAQhAoIqAeDEzRWXj8biyXXp/rWpjjSiNQQMBCEBAFgHRYrZJVFbsFqI0WY6KtRCAAASCjcy2icqKMIjSGCAQgAAE5BMQG5ntEpVtE6UtFovldDrty+9yWgABCEAgPAJixayNqGzTKE1/H1ELbxDQIghAQD4BkWLWZlS2TZSWZVk2mUwO5Hc/LYAABCAQBgGRYmYjKtsmSqvLmgzDRWgFBCAAAf8JiBMzm1GZqbuqEkRI4fffwbEQAhDoBgFxYuYiKttE1BC0bgwUWgkBCPhNQJSYuY7Kil13dna27PV6ty4mZg/NbyfHOghAIHwCosTMJCau963Klh25Biv8wUILIQABfwmIErPRaPToZWT5376W+BA0fx0ayyAAgW4SQMy27PeisObFuI4UtzSfxyAAAQgERUC0mO17aQ9BC2os0BgIQEAwATFidnJysuj3+zcOKu87Ciq7rHhfy5+C/RDTIQABCOxEQIyYmfap9i1mmjyCtpP/8TAEIACBVgggZi1gJGW/BYgUAQEIQGAHApLETMXx2+YqpaI0Tb2xH0HbwQt5FAIQgMCOBLwRg7p2+JKWX2UnKft1vcjnEIAABOwQQMxa5mq6bktXse/My5abSXEQgAAEvCIgVsx8FgdS9r3ycYyBAAQ6QECEmPmYll/nGyZBI2W/jhqfQwACENiOgAgx8zUtvwp5Wco+b6rezlF5CgIQgEAVAcTMon+YIkpdnQ/n4yw2m6IhAAEIOCcgRcy8Tsuv6jVTVMlyo3M/p0IIQCBwAiLETEJafpWfmPbPWG4MfGTRPAhAwCkBxMwBbpYbHUCmCghAoNMERIqZz2n5Zd7EcmOnxxmNhwAELBPwXswkpuWX9RnLjZa9meIhAIHOEvBezCSm5Zd5E8uNnR1nNBwCELBMADGzDLhYPMuNjoFTHQQg0AkCEsRMbFo+y42dGEM0EgIQ8ICA92ImPS3f1McsN3rg+ZgAAQgERQAx21N3sty4J/BUCwEIBElAnJhJTMtnuTHIsUOjIAABjwh4LWYhpeWz3OiR12MKBCAQHAGvxSyktPwyz2G5MbgxRYMgAIE9EEDM9gC9WCWHqT3oBEyAAAREE/BdzIJLy2e5UfR4wXgIQMBTAl6LWYhp+Sw3ejoSMAsCEBBNADHzqPtYbvSoMzAFAhAQRUCUmIWUls9yo6hxgrEQgIDnBLwVs9DT8llu9HxkYB4EICCKgLdi1oW0/DJPMS03jsdjb/tKlMdjLAQgECQBbyfILouZKSpVSqk0TXtBeiGNggAEILAjATFippSK0jT11t4d++HW40RnbROlPAhAIGQC3opDlyMz7XCm9i8Wi+V0Ou2H7JC0DQIQgMA2BBCzbag5eobozBFoqoEABMQT8FbMjo6OrofD4XCdcOip+UVvMkVnXWMgfoTRAAhAwAkBb8VMt74YmWRZlk0mkwMnZDypxHALSqf2Dj3pBsyAAAQ8JyBKzLqWBFK2d0Z05vmowjwIQMA5Aa/FLEmS0ouGqz5zTtFihablVtL0LQKnaAhAQCQBxExAtxWFW5vMIWoBHYeJEICAMwKImTPU21dEdLY9O56EAAS6QcB3McviOL5hYx6RdGWZMXdD0vS7MSBpJQQgsB0BxGw7bs6fOjs7W/Z6vRvXWXGI2nk3UCEEIOApAcTM044xmdWll5UK6hZMhQAEPCCAmHnQCU1N6PoVXyZOd+/e/WOWZU/rz7iIuakn8T0IhEcAMRPUpySCvN1ZZHgKclxMhYADAl6LmWmfqKsJILkvkAjyFgmTmHH+zsGMQRUQ8JSA12KmmRUn7+vr6/c9fPjwla5lM+b+w32N5WKmP+H8naczDWZBwDIBcWLW6/U+fv/+/b93VcxMAt/FiMQUmWk2XbzyzPIcQfEQEEFAopg9ff/+/Re6LGbsF92O2NdHWxfFXcRsg5EQsEhAnJgppZ5J0/TXXRazk5OTRb/fv/H2gC6dOTs7O/trr9f7ZNW4UEot0jQ9tDh2KBoCEPCIgDgxy2+M77KYmZYau7RfZNo3LBlTvx+Px5/zaLxhCgQgYImAODHLl5C6LmZdPnNmeseb3i4rXn22GjMImqXJg2Ih4BMBxMyn3tjQluKk3pWlxrKXtpqOLayQ/nY8Hn9hQ7x8HQIQEEQAMRPUWUVTu/gW6qqzh2XLr/r/lVJvpmk6ENzdmA4BCFQQQMwEu0cXl1rrlldHo9Hvoij6rKlbyXIU7OyYDoEaApLFrPT1MF3p9bqJPUQOTQS8StBYdgzRK2gTBKLIezErm7w4a/XoSqfOCXoTMVstN/4miqLPlw1yojSmPwiERUCCmBkn7C5O5EXX6yKDpmKWs6pL41dKvZSm6QfDGta0BgLdIyBWzOoSAbrQlabD06HfTbipmGk/SJLk33Ecv7cqSoui6Ndpmn6xC35DGyEQIgHvxcz02hP9/qrJZPJCMZsvjuOH5+fnRyF2VFmbigwQs/LeL7vPMX9CKTVL0/ROl/yHtkIgFALei9lq/0OtA89vAeHNy7fvKETMqodmkiTzOI5Lr7liLy2UqY12dI2ASDHLJxzE7LaYhT4Zt3W2rsFe2q9YduzadEh7JRMISsx0R4QemRSdrUuCXmzrcrn8x8XFxce2HYBJkvwyjuNnqvbS0jTtbVs+z0EAAu4IiBAz0vPLHaIrYlYWSbXx46UqSgs90nU31VATBOwSkCJmpOeX+EFVdp+epOfz+etXV1fvtOtGdksvE5tdI7N1q5MkuYrj+EMVUdrDNE1FJxeNRqPvrVYvHv3LHwRCIiBCzExp+NfX148Ph8PXizelt/FLXVIHmyb62Wz2xmAweCxnIzm6MPW97p8sy7LJZHLjnW5t9FtVxqNkjpoNYtaGh1CGrwREiNlqIN7IaIyi6Buz2exHw+FwWID7i/F4/CVfgbdtV10iQ16fxIn49PR0dnBwcOtyYNttacB0Oh6PT9vuS1vlFdtjm5+tdlAuBKoIiBWz/Je5Yc+oc2eFKl59cqPvJU1ip6enLx4cHHyk6Lyu2lCXHKLtUkplaZq2Hh22PWVtc9C8bRsoDwK2CYgVM9Lz33aNpmKmn5jP5/+5vLx8l23H2qX8MiHTZbpeRm4QpWlRUz5nPSJmu3gjz0ohIEbMygZkV7L5yhzq6OjojeFw+Jjpcz3Jmt6+7FoQNhkMPglZbneSJNdxHBeXs281y1dRQ8w28UC+K5WAJDEry2jUE/YN/j5P1m06SpWQ6SSQq6urx00JDZsmTxwfH7+k7T48PHx/kfVque3RP4vF4vLBgwcn27axSsjazFzc1r4mUdqKh97f/Xmapl/Ztq42n0PM2qRJWb4SCEHMvHgNSlkWnFIqWi6Xy+l02m/bCcqWF3WdaZr+v29N32sq+FrIBoPB+5vavm10UiUUy+XynxcXFx9taoPt7yVJsozjuPYw9SoyfrDvZJG2bk2xzZXyIbALATFiZrpweLlcflop9ad+v39jE14p9Zc0TT+1C5hNn627xFaX11RAmtRdtU+2WCxuiKdJKJqKzib7cUW7dR36L8uyB9Pp9Kz4uU6718ugpqXQ/Lu+Cdl6G0aj0UUURY0i0aa8m/T9Jt85PT391sHBwXP5M0qpZZqmrf+w2sQmvgsBGwTEiJlufHFi9eHC4SYitt5xbQha3XJXUcxM7PT/zefz1y4vL99d5li7CFkbzuqzkG0ravq5OI7H5+fnd9tgVFcGL7GtI8TnoRAQLWZlGY1tR0FVnb2pmOmydvmVbnqHWdE+k2CWPVcmrmWCOZ/PX768vPxAXueTTz45PTw8fLLNAbGK5v7l09Jik/YlSfKzKIq+bNpXND2/Clx/OplMvtak/E2/U4zKVr4n4jjBpm3l+xAIQsz2+cblql++ZbdXrLtdvhRXd5uFXmYdDAaDqiW5vNwKgbqVLGNKBjk+Pn55MBi8rzg8ikK2/rnug1XUsZNP7SL0Pg3nuui5aKtudxRFC6XU85PJ5OtttIWorA2KlCGFwE4Tj+tGVlw4vNckkKq3XjcRtDpx22RirBODJskgpvqaZkDqCPDg4EAnRzTR3UdN1zYvl8vMRpKMax8t1pckySKO460OVq8SSF4fj8eN7tYcjUZ/Vkp9Moqid5jgSznkve8+o36ZBKSJWalo7fMmkLK9pTxC0oKWZZkqJqrs6jJaYHq93o2sOtN+WTGCqjt7Rvbbrj1z+/mzs7Pn4zj+amOFb9+EVhOQLJhHkRDYiYAoMSuJgPSv3myfh6eroq/1Jb9No7Sqnl0tS90Kf5okmJSJ73w+f/Xw8PCJ4oQ7n89fuby8vLXsuJPndfjhu3fvnmdZNmq6t9YGKqKyNihShs8ERImZBmkQrWfTNP1Jk+Uzmx3RVNByG5qkpZvs1Vsr8/l8dnV1dWeXNm+SqdhEIG2yDbns0Wj0olLqns2Ijf4L2YNoW05AvJjlezn7TAJZF6jisl/+Wd2EUiVuWsD0r/j1JcRdzo5pm5pEiXn05/O9gyEO5dFo9KZSqr9L5Lbab/vvcrn84cXFxXdD5ESbILBOQLyY5QkPptRzpdQP0jT9pssu3zRC28a2sjrqBLNYV52gbVreNm3hGQhAAAJtEBAnZlURmGEJci9namwKWtl5sbrEjzJn0bYuFovXDg8P35NHAiFnF7YxaCgDAhDwj0DoYra3V3PYELSyFP26dHz/3A6LIAABCLRLQJyYmSKTOI4/fH5+ft+HfbP17qkStE0iqbpbP1gObHdQUBoEICCPgDgx04jL0vB9EzNta92+VJ2oVR2YJiKTN+CwGAIQsEMgFDF79MqTe/fuPbtYLH68jmqxWMym0+kdO/ialVonaM1KufkthGwbajwDAQiESkCkmG2YBLK3fbPikmPd606aOlldNNe0HL4HAQhAIBQCIsWs6i7EXQ4Su+jUTe5ZLNpDNOaih6gDAhCQSECkmJn2zdYOT996C7CPIpCLWn4gusx53rpMPbL2tmqJTovNEIAABIoEghGzdcHyPTrDDSEAAQhAoF0CYsWs6l1NSZKYorNZmqZ7TQRpt+soDQIQgAAEcgKSxazyHWZEZzg5BCAAge4QECtmpn2z2Wz26DZ5/Rlv2e2OE9NSCEAAAkGJ2fq+GWKGc0MAAhDoDgHRYlZ13szH20C641a0FAIQgIBbAqLFzHTeLD9QjJi5dSRqgwAEILBPAqLFzLRvli81Imb7dCvqhgAEIOCWgHgxKxOtp5566jPX19d/WMe5XC6fu7i4+LZbxNQGAQhAAAK2CYgXs6Ojo+vhcDhcB5VHZ4b0/L+Nx+NP2IZK+RCAAAQg4JaAeDEzLTXq/9Pv+DK8KoaD0279i9ogAAEIOCEQhJiZlhr1mbOyiM0JWSqBAAQgAAFnBIIQs+Pj4ycGg8GrxaVG/coV0/KjM7pUBAEIQAACTggEIWZlS41Fgj7enu+kl6kEAhCAQOAEghGzk5OTRb/fP6jrL72XVvcdPocABCAAAVkEgprYTZcLF7sDMZPloFgLAQhAoAmBoMSsyVucEbMmbsF3IAABCMgiEJqYfT+O4+9UdUF+3ZWsbsJaCEAAAhCoIhCUmOmG1i01ZlmWTSaT2r013AYCEIAABOQQCE7MTDeCrHeHUipK0zS4dstxOSyFAAQg0D6BICf1qr0zxKx9J6JECEAAAvsmEKSYaahlgoaY7dvlqB8CEIBA+wSCFbOy/TPErH0nokQIQAAC+yYQtJit75/puxqvrq7u7Bs49UMAAhCAQPsEghYzjUsLGiLWvuNQIgQgAAGfCAQvZj7BxhYIQAACELBDADGzw5VSIQABCEDAIQHEzCFsqoIABCAAATsEEDM7XCkVAhCAAAQcEkDMHMKmKghAAAIQsEMAMbPDlVIhAAEIQMAhAcTMIWyqggAEIAABOwQQMztcKRUCEIAABBwSQMwcwqYqCEAAAhCwQwAxs8OVUiEAAQhAwCEBxMwhbKqCAAQgAAE7BBAzO1wpFQIQgAAEHBJAzBzCpioIQAACELBDADGzw5VSIQABCEDAIQHEzCFsqoIABCAAATsEEDM7XCkVAhCAAAQcEkDMHMKmKghAAAIQsEMAMbPDlVIhAAEIQMAhAcTMIWyqggAEIAABOwQQMztcKRUCEIAABBwSQMwcwqYqCEAAAhCwQwAxs8OVUiEAAQhAwCGB/wFdMwxGYI0vRAAAAABJRU5ErkJggg=="
2020-02-16,Truck Co.,Cash,Asphalt,20 yards,,Daniel,"data:image/png;base64,iVBORw0KGgoAAAANSUhEUgAAAbMAAACgCAYAAACG2IIGAAAUOklEQVR4Xu2dv48kRxXH+9csuzY6EVhYe76dX4sIwAIbJCQQiWMHOCADIYGQyABniAAbCBABwhCR8EMIQgsC/gBLREggjCyQbG5nZufWN4IEC+yb2ZmebtR7O3u9vdXT1b+mq6o/m9xpt7r6vc9709+pV9VVtsUPBCAAAQhAQHMCtub2Yz4EIAABCEDAQsxIAghAAAIQ0J4AYqZ9CHEAAhCAAAQQM3IAAhCAAAS0J4CYaR9CHIAABCAAAcSMHIAABCAAAe0JIGbahxAHIAABCEAAMSMHIAABCEBAewKImfYhxAEIQAACEEDMFM2Bw8PDxcHBwV5kXhiG0nGybTuMrvF9P5xOp66i7mEWBCAAgUoJSD8kK70rnaUSuHPnjr+3t+dY1sMX2sMwtGy7eJgurw/n8/lyNpvtgx4CEICAiQSKPyVNpNGgT5GIdTodt4xwSZofMmqTJEUzCEBAGwKIWcOhGg6HQVRG3IGI3fCUUVvDwef2EIBAZQQQs8pQ5utIVsQ2gpOn96LiOBqNyIc8oGkLAQgoQ4CH145DEYnYZj4s49bhaDSK5s4K/3S73bXruo7MqC8ummXvW9hgLoQABCBQkABiVhBc3ssiYfE8T0acSouYyLbN6kiZUdt8Pj9nsUjeCNMeAhBokgBitgP6l6Ox6E7beNciYmnubRu1RaO08XhMbuwgN7gFBCBQDQEeWNVwTO3lckT0PlGDSDRWq9X67OzMq9mMrd0PBoNoBUqyzU7FtUn/uTcEIKA/AcSs5hiKhEIVEYu7PhwOL162jv9Qbqw5OegeAhCojABiVhnKmx2lLPZQcsQjmtOj3FhjctA1BCBQKQHErFKcjzpLKy+qvPydcmNNyUC3EIBA7QQQs5oQi4TB9/1A5f0SdRTgmsJHtxCAgGYEELMaAiYqL+pSstPZ9hpCSZcQgIAmBBCzigNlwuhGNKpcLpeNr7qsOFR0BwEIGEQAMas4mDqWF5MIRIKsy8iy4nDSHQQgoAkBxKzCQJm0IlCnlZgVhpCuIAABTQkgZhUGzrR3tSg3VpgcdAUBCNRKADGrCK+Jy9ovDwq9dlo15caKEoZuIACBSgkgZhXgNKm8mMRBubGCBKELCECgdgKIWQWIRaMyk7aCMq18WkHI6QICEFCMAGJWMiBtGLmYPPIsGX4uhwAEFCGAmJUIRJvmlEycEywRei6FAAQUI4CYlQiIbHmx2+36m4M5dT7FmXJjiWThUghAoFYCiFlBvNGorNPpuIlzwK7tiN/tdhee5107y0zljYazULDVVRYh/g4BCDRFADErSF40KosLVcpcmhUtbbdtW8ljYGRQmLDDiYyftIEABPQigJgVjJeg5HYlUGlCFr+VriM0E/aeLBhyLoMABBQmgJgVDE5SzKKl+FFXBwcH18qKad3rKmaRP21YwVkwLbgMAhBoiABiVgC86GG+Wq3OO52OlJBFt9RZzCL72eqqQOJwCQQgUBsBxKwA2pRl6mk9hZZl3eCsu5ixs36BxOESCECgNgKIWQG0OcRsPRqNPNGSdt3FTFRujBa3LBaL89lstl8AK5dAAAIQKEwAMSuATiROyW7Oz8/P33777YuHuqlilvRN95WaBVKBSyAAAUUIIGY5AyHa9SPZRXLUZbKYJUep7KqfM6FoDgEIVEIAMcuJMWPZvfD9McQsJ2SaQwACEMhJADHLCSytxBiGYTAej6+d/bXp2mQxS4o7I7OcCUVzCECgEgKIWQ6MaULm+34wnU6FQtaCObMguVrThMUtOdKCphCAgAIEEDPJIBQVMsRMEjDNIAABCJQggJhJwNu2elFmFNKmMmOEU4aJBHaaQAACEJAmgJhloNomZLLzQ4iZdD7SEAIQgEAhAojZFmwS75NJ7X6PmBXKTS6CAAQgIE0AMUtBJSFk0ZWtFzPRe3eUGaU/fzSEAAQqIoCYCUBKCpn03JDJI7MIX9I/xKyiTyfdQAAC0gQQswSqjEM1r7WWfWgjZtL5SEMIQAAChQggZjFsaUIWvUfmuq5j249wyS7+EI1cot/JCmGhqO74IkZmOwbO7SAAgRsEELNLJIPBYG3btpMktHkhetvJ0ll5xcgsixB/hwAEIFCOAGJmWVav11u4ris6WPNqgUdSkJbL5frs7MyTwY+YyVCiDQQgAIHiBFovZqJDJi9xXglZt9tde553bdSWp0zYNjHLI/TFU5crIQABCDwi0HoxEx20mZwPE82lIWaPkqhMCZYPIwQgAIEqCLRazEQjJtHCjrI7w7dtZCb7/l0VCUwfEIAABCICrRWztJWL8/n8fDabXZwQvfkpewAlYsaHDQIQgEC9BFopZv1+P3Ac54bvaXM9ZcWs7PX1pkD53ikzlmdIDxCAQDkCrRMz0fZLEcL1eh2cnp4KzyQrK0bJh32ed9TKhXc3VyNmu+HMXSAAgXQCrRIzmZWLIlRVi5lpc0qCRTRSe1bywYQABCBQFYFWiZnMykXELH9qlRX7/HfkCghAAALXCbRGzGRXLiJm+T8iiFl+ZlwBAQhUS6AVYpZn5SJilj/BELP8zLgCAhColoDxYlZWyCLcZR/Wpi+QKMun2pSmNwhAoI0EjBazfr+/dhznxubB21Yu7mJkttm82JSEQ8xMiSR+QEBfAsaK2e3btxf7+/tbNw+WDVvZh3VyZBYEwUuTyeR7svdXvV1ZPqr7h30QgID6BIwVs5TTogstGS/7sBaI2XOTyeQ19dNDzsKyfOTuQisIQAAC6QSMFLMUISt8IGaZh3W32/2k53l/jocgzybFOiRvGT46+IeNEICA+gSME7O0BR9lBKTMw3o4HH7DsqxXEDP1PwxYCAEI6EvAKDEbDAa+bds3tqQSbR6cJ2RlxEy060gZYc1j967aluGzKxu5DwQgYDYBY8TsiSee+PGtW7e+mQxXFSsHyzysy56FpkP6leGjg3/YCAEIqE/AGDGrcsFHMmxlHtaImfofAiyEAAT0J2CEmIkEo8qd6RGz7Yleho/+HyE8gAAEVCCgvZgNh8O/WJb1iSTMMAzPx+PxtUM2iwIv87BmZFaUOtdBAAIQkCdggpiFAncLvU+Whq1KMatyxCgf5npbluFTr2X0DgEItIWA1mJWxzJ8UeDLPKxNP5gz4lWGT1s+aPgJAQjUS0BbMRsMBgvbtm9sV2Xb9vnJyUkl5cUN+jIPa9EZaizNrzep6R0CEGgfAW3FrM7Vi8k0KCNmpu+Yz8isfQ8NPIaAigS0FLNdlRerGJkhZiqmPTZBAAKmEdBOzHq93sp1XS8ZCM/zTt56660P1RGgoiMz0e4fvu9/ezqd/qAOO5vqsyifpuzlvhCAgHkEtBMzUXkxDMNwPB7fOLesqnAVfVi3YVk+Zcaqsox+IACBMgS0ErOqd8OXBVdCzG68NmDa4g/ETDaLaAcBCNRJQBsxSxOyTqfzzzfffPPDdUKqUMwqff+tTp/z9F2UT5570BYCEIDANgJaiFmakNVdXtyAK/KwHg6H37Es67tx+GV371c1lYvwUdUX7IIABPQkoKyYRfNNYRjati02MQiCcDKZ1DZPFg9nkYd1W+bL7ty54+/t7cWP3QmXy2VwdnZ2Y5GOnh8RrIYABHQgoLKYibapumC6SyErOickGk22Yb4s4jWfzx/MZrPHdfgAYCMEIGAGAe3EbNdCVqGYGTdflvK+n3F+mvFRxwsImE1AJzELgyCwdlVaLFNm7PV6z7uu+4d4H8vlcm1S6U1QXrxw18TRp+6PgOPj489YlvWjk5OTTx8fH78ahuHLo9HoDd39wn4IxAkoK2bdbjfwvIfTLr7vW9PpdCfzY6L0yDtn1u12157nXbPXtIe8aM9J0wTbhEdFv9//ieM4X498sW3712EYfumyVP+tyWTyQxN8xAcIXOQ3GLIJ5BUz0xd/UF7MzhmVWojmbx3HeTGy8e7du6+oZCu2QKAoAcRMglxeMROMWoyZR6K8KJEwijQRjZ4vTYsWV0Urhf2Tk5OOIuZiBgRKEUDMJPDlEbOnn3766MGDB9N4t77vB9PpNL58XeKuajahvKhmXERWic7SE7zq8vPRaPRVfbzCUgiICSBmEpmRR8xEIxdT5ssoL0oki0JNkmLm+/5PPc973rKs442ZjM4UChimlCKAmEngyyNmps6XUV6USBSFmvT7/f84jvOBuEnRl6put/tZz/P+GP99GIbfH4/H0Y41/EBAWwKImUTocopZ8mVvI+bLKC9KJIpCTZJfqsIwtMbj8cXnfTgc3rVt+8kwDN+/MdlxnOfu3r37mkIuYAoEchFAzCRwyYqZaPRiwnJ1yosSSaJYk6xFSMPh8HXLsj4eM/udIAienUwmE8VcwRwISBFAzCQwyYqZaPSi+3wZ5UWJBFGsSbfb/ZnneV+LmxUEwf8mk8mtze+Oj49fCMPwdwnTXw+C4LnJZPKOYi5hDgQyCSBmmYgsS0bMBoPBp2zb/lOiO+1LjJQXJRJEsSay87bD4fBly7JeSpj/q9Fo9GXFXMIcCGQSQMwyEcmJmewDROJ2SjRJKS1Gtmkv0EoArtEImS9fm9sPBoPf27b9uZg5L45GI16krjE+dF0PAcRMgqvMw0H0Ts9mwl3iFso0icqKnU7HTTt6R/eyqTKgazJEpsQYv3W/3/+A4zjRwo++4zgvsAikpsDQbe0EEDMJxFliZsLCj8PDw3cPDg4e27LFWTifz+cc7SKRMA02KVIh6Pf7z1iW9Q6LPxoMHLcuTQAxk0CYJWa6L/zYUlK8oBMt614sFu/NZrOrpdwS2GjSAIGsXG3AJG4JgZ0QQMwkMGc8IB4bDofvJbrRYl4p6zTvyCeTtuKSCLXWTfKWGLV2FuMhkCCAmEmkRMYLqEGyNKf6vFJUUtzf3388bV7sEokWgiwRvtY0KVJibA0cHDWeAGImEeIMMbu240d8pwWJrnfW5HJezwnDMNotPfW+lBR3FpLKb0SJsXKkdKgRAcRMIlhp33hFv29qx49NyTDuTiRakThljMAuLonarVYro07DlgitMU16vd67rus+HncoCILRZDK52lTYGGdxBAICAoiZRFqknRytwnL86Nv4xgUZ0Upxl5KiRB6o3ET3RUgqs8U2PQggZpJxEpzWe3HAYfzyXY/Kthy+KOmVZak+vyftSIsb9nq9X7ium9y1gy8oLc6JNrqOmElGXXT0fPzSJubKspbUZ7nWhM1ZNvH3/ARY+JGfGVeYRwAxk4xplpjtelS2MXvb6OxyvuyqDCla/MHSe8kEULiZCuVuhfFgWksIIGaSgd4mZk2OcOLzeRvxWi6XwdnZmSdyjQefZMA1aTYcDn3Lsty4uev1+penp6df0cQFzIRAJQQQM0mM20ZATY3KNqYfHh7+dzabXR3vsc0lUUlqsVj8+/79+09KoqCZQgRYjq9QMDClUQKImST+SxGIWl9j1uSoTNL0G80YnRUlp9Z1/X7/xHGcYcKq9Wg0Eo7K1bIeayBQLQHELAfPzbfgzbtbl/++OhqNPp+jm8absmCg8RBUYgDL8SvBSCeGEEDMcgTycn7KHo1GTiQIvu+H0+n02nxFju4aa3r79u1/7e/vfzBugI4jzMYAKnJj0esiUW4qYh5mQGCnBBCzneJW52abl63jL1ojaOrEJ8sS0aiMhR9Z1Pi7yQQQM5Ojm+Gb6IGIoKmfEKIyMXFTP25YWC8BxKxevkr3LtqmKzK4rgfjZrNjSmHF0yLtRXl2cinOlCvNIICYmRHHwl6kCVrUYRUvVG8ELL4KNOrX87yL3EPY5EOXJmTr9Xp+enoanRLODwRaSwAxa23oHzm+TdCiUVryZ7Mbf/z3ab/Lwrtarf5x7969j2a1a/vfe73eA9d1D5IcELK2Zwb+bwggZuTCBYFI0FzXdUrsvF+IZF0lzULGKHpRmpBFFWFGtooGDbN2TgAx2zlydW/41FNP3d/b2zvctaBVUc5Ul2o5yxCycvy4uj0EELP2xFra0/hBn2WELfFyebhcLie2bc87nc5H4sYwOhOHpt/vnzqO0xX8lRGZdDbTsC0EELO2RLqAn7HFGwWutqxow2PLsqZnZ2fXtlxKWcjAAzpGudfr/cZ13S8kwSP8hVKRi1pAADFrQZBVdFF0CgHlxoeRQshUzFhsUp0AYqZ6hAy17+jo6O/JcmPk6mq1euPevXsfM9TtTLcQskxENICAkABiRmI0RiBtJ4v1ev36dDp9tjHDGrwxu7I0CJ9ba00AMdM6fPobv+WcuND3/b+1SdTSWKzX69+enp5+Uf9o4wEE6iOAmNXHlp4lCWw7xTt6l8pUUev1egvLsjqu69phGNqilaMImWQS0az1BBCz1qdA8wCOjo4Wtm13PM9LPb5EtBOJyHLRTiR1tYvfa/P/5L9p95ahjpDJUKINBB4SQMzIBCUIdLvdv7qu+0yZ99qUcKQiI4IgmE4mk15F3dENBIwngJgZH2K9HGyzqEWjzyAI5lHE2DhYr7zF2uYJIGbNxwALBATiorbZScRUUJsSahAE56enp/um+olfEKiTAGJWJ136roTA0dHRg06nY8RDfr1er6JFLYhWJalBJxC4IoCYkQwQgAAEIKA9AcRM+xDiAAQgAAEIIGbkAAQgAAEIaE8AMdM+hDgAAQhAAAKIGTkAAQhAAALaE0DMtA8hDkAAAhCAAGJGDkAAAhCAgPYEEDPtQ4gDEIAABCCAmJEDEIAABCCgPQHETPsQ4gAEIAABCCBm5AAEIAABCGhPADHTPoQ4AAEIQAACiBk5AAEIQAAC2hNAzLQPIQ5AAAIQgABiRg5AAAIQgID2BBAz7UOIAxCAAAQggJiRAxCAAAQgoD0BxEz7EOIABCAAAQggZuQABCAAAQhoTwAx0z6EOAABCEAAAogZOQABCEAAAtoTQMy0DyEOQAACEIAAYkYOQAACEICA9gT+Dxa4XzfBEObxAAAAAElFTkSuQmCC"
2020-02-16,"2/16/2020, 1:45:28 PM",CSRA Computer,Cash,Concrete,3 yards,21,Daniel,"data:image/png;base64,iVBORw0KGgoAAAANSUhEUgAAAbMAAACgCAYAAACG2IIGAAAWCklEQVR4Xu2dT4zk2F3HbVdXTfWymyyKJqF7atpld7OzWsRKK3EJfwQnAgoSuwkCEaGQC0ICAScQByJA5AJIHAISEqdEoCARkQwSiMAhAm3YIwc4JJl02VXV1d2Z1YpkstF0/bON3FM1cde4ys9Vtuvn8qdOu1PPz7/3+f7K3/49Pz/rGh8IQAACEIBAyQnoJY+f8CEAAQhAAAIaZkYSQAACEIBA6QlgZqWXkAFAAAIQgABmRg5AAAIQgEDpCWBmpZeQAUAAAhCAAGZGDkAAAhCAQOkJYGall5ABQAACEIAAZkYOQAACEIBA6QlgZqWXkAFAAAIQgABmRg5AAAIQgEDpCWBmpZeQAUAAAhCAAGZGDkAAAhCAQOkJYGall5ABQAACEIAAZkYOQAACEIBA6QlgZqWXkAFAAAIQgABmRg5AAAIQgEDpCWBmpZeQAUAAAhCAAGZGDkAAAhCAQOkJYGall5ABQAACEIAAZkYOQAACEIBA6QlgZqWXkAFAAAIQgABmRg5AAAIQgEDpCWBmpZeQAUAAAhCAAGZGDkAAAhCAQOkJYGall5ABQAACEIAAZkYOQAACEIBA6QlgZqWXkAFAAAIQgABmJjAHWq3WtNFoGJqmzfUJHMcJ/58PBCAAAQjEEMDMhKRFjIHdiMxxHLQSohVhQAAC8ghwgdyiJkdHR9O9vb1oBbY0miAINF3XqdC2qBenhgAE5BLAzArW5uDg4Gp/f/9WZAoxVQRUaKlw0RgCEKgIAcysIKFt2/aDINB1fTPkmFlBgnEaCECgVAQ2u7KWaqjFB3vnzp3+rVu3WimrsMD3/XG3223ath0sRo2ZFa8jZ4QABOQTwMxy0Gi2mKOWouvQwCbdbjecfnz6wcxSEKQpBCBQaQKYWYbyh1OJaaqwmYE1loWAmWUoDl1BAAI7TQAz21Dew8PDh81m83YKEwsmk8n9s7OzjySdGjNLIsT3EIAABJ4QwMzWzITDw8N3ms3m+1QP9zwv6PV6qR58xsxU6dIOAhCoOgHMLGUGHB4efqvZbL6oeFhgGMbD09PTA8X2N5phZutQ4xgIQKCKBDAzRdUPDg7e3d/ffz6peZYPN2NmSbT5HgIQgADTjEo5cHBw8Hh/f38/qXFoYpqmTVzXXbqgI6mPxe8xs7TEaA8BCFSVAJXZEuUPDg6Gs506VubGrBIbOY7TzDqJMLOsidIfBCCwqwQwswVlW63WsNFo3HjeK0780MSCIBiFDzfnlRyYWV5k6RcCENg1ApjZTNG7d+8O6/W6kol5njfq9/u5mdg8yTCzXfu5MR4IQCAvApiZpmmqDzuPx+PRYDDI3cQws7zSnX4hAIFdJVBpM7Nte6ppWuK2U1dXV6PLy8vCTAwz29WfG+OCAATyIlBZM1Opxq6urr57eXn5Ql7wk/plmjGJEN9DAAIQeEKgcmbWbreHhmGsvDc2HA7fubi4CLeo2uoHM9sqfk4OAQiUiEClzCypGptMJqOzs7PCpxOX5QtmVqJfEqFCAAJbJVAJMzNN87oaW/FizMBxnFT7JhahGmZWBGXOAQEI7AKBnTczhWrMOzs725MoJmYmURViggAEJBLYWTNT2cFD+lubMTOJPxliggAEJBLYSTNLqsaCIAhc1xU3rbiYIJiZxJ8MMUEAAhIJ7JSZHR8f/24QBH+2DHS4BVWr1XrjzTffvC9RDMysDKoQIwQgIJHAzpiZZVm+vmKFh6ZpIhd5rEoKKjOJPxliggAEJBIovZlZlvUVXdd/dNUzc9KW3KsmAmamSop2EIBA1QmU1sxee+21jz969OgzCQ9+l64aiyYkZlb1nyfjhwAEVAmU0swUFniE48/0RZmqQLNsh5llSZO+IACBXSZQKjNLMrGZUKWuxqjMdvnnxtggAIG8CJTCzFRMLFypaBjGqNPpiNmOalPRqMw2JcjxEIBAVQiINrN2u+0ZhrHyebDQxDRN81zXFbmLxyaJhJltQo9jIQCBKhEQaWbHx8fjIAjqSUIEQeC7rpv4PrKkfqR+j5lJVYa4IAABaQTEmZnKlGIZnxlbR3jMbB1qHAMBCFSRgCgzi7t4L4iyM4s7VJINM1OhRBsIQAACwl7OuaIqq5SJzRMTM+MnCgEIQECNgKjKLAw5amjh4o7hcDi8vLzcVxvObrXCzHZLT0YDAQjkR0Ccmc0Nzfd9rdvtit/ZPj9pro39eqlm9CP9tTV58qBvCEAAAssIiDQz5HpCADMjEyAAAQioEcDM1DhtpRVmthXsnBQCECghAcxMsGiYmWBxCA0CEBBFADMTJcfNYDAzweIQGgQgIIoAZiZKDsxMsByEBgEICCaAmQkWh8pMsDiEBgEIiCKAmYmSg8pMsByEBgEICCaAmQkWh8pMsDiEBgEIiCKAmYmSg8pMsByEBgEICCaAmQkWh8pMsDiEBgEIiCKAmYmSg8pMsByEBgEICCaAmQkWh8pMsDiEBgEIiCKAmYmSg8pMsByEBgEICCaAmQkWh8pMsDiEBgEIiCKAmYmSg8pMsByEBgEICCaAmQkWh8pMsDiEBgEIiCKAmYmSg8pMsByEBgEICCaAmQkWh8pMsDiEBgEIiCKAmYmSg8pMsByEBgEICCaAmQkWh8pMsDiEBgEIiCKAmYmSg8pMsByEBgEICCaAmQkWh8pMsDiEBgEIiCKAmYmSg8pMsByEBgEICCaAmQkWh8pMsDiEBgEIiCKAmYmSg8pMsByEBgEICCaAmQkWh8pMsDiEBgEIiCKAmYmSg8pMsByEBgEICCaAmQkWh8pMsDiEBgEIiCKAmYmSg8pMsByEBgEICCaAmQkWh8osnTi2bfuO4xjpjqI1BCCwCwQwM8EqYmZq4oQmpmnadS6Px+NvDAaDl9SOpBUEILArBDAzwUpiZqvFabVak3q9vqfr30vjIAg013XJa8F5TWgQyIMAP/o8qGbUJ2YWD7LVaj1oNBon82pssRWGllEC0g0ESkQAMxMsFmb2rDjRKcVl0k2nU7/f79cES0toEIBAxgQws4yBZtkdZvY9mqGJBUGgR6cU41hjZFlmYDZ9HR8ff8L3/V+d92YYxmc7nc5nsumdXiDwhABmJjgTMDNNC6cU6/X6DyaZWCgjRiYzmW3b/iNN0/4wEt0fO44T/hsfCGRGADPLDGX2HVXdzFSmFOfUuU+Wff5l1aNlWfd1Xf/5iFb/5Lru61n1Tz8QoDITngNVNbM0JjaXcDQaXZ6fnx8Kl7SS4VmW9R+6rv9kxMz+03Xdn6okDAadGwEqs9zQbt5x1cwsbql9DMVgcXqcqmzzXMuzB8wsT7r0PSeAmQnOhaqYWdJS+5lEQbi7h2VZ4SqQG6qNRqPz8/PzlmApKx0aZlZp+QsbPGZWGOr0J6qCmSVNKYZV12Qyud7Vo9VqTRuNxuKS+2uTS0+XI4oigJkVRbra58HMBOu/y2amstR+cXViXFXmOE5obuF2VnyEErBt+21N026H4QVBMDQM48udTufDQsMlrJISwMwEC7eLZqa41P6ZamtJBUdVJjh/56EdHx9PgiDYe3pvQ9e/0Ol0PlqC0AmxRAQwM8FixVQipb14t1qtrzUajXAD4KU5F51SXJRlSVVG/grO33loi3+U+b7/+91u909LEDohlogAFwPBYi1eBMq6ak/xvth0MBjU4+SgKhOcpAmh2bb9w5qm/U+0meM4XHfKK6nYyEkqsdJoWsw0Y6kqsyQTm6FPHNMuTrcKTrtMQzs5Ofkr3/d/M9Jp+M459s3MlDKdhQQwM8F5UFYzy8rEQmni+mLbKsFJuxCabdthVRZWZ9efIAhGrus2yzMCIi0LAcxMsFJlMzMVE5vdF/v6YDB4OQn9vXv3rMlk4kTblXWqNWmsu/q9bdtf0zTtXsTMHrqu+wO7Ol7GtT0CmNn22CeeOeae2Wdd1/1E4oEFN1BZZp/GxObhxy36GI/H3mAweLoyruChcrqUBCzL+rau6++NmNkj13VfTNkNzSGQSAAzS0S0tQb7tm0/jp59b2/vJx48ePCVPCIyTfO/arXaB2dTQTfyItxxIzSj8KPr+vV/hA8qq5rYdDqdnJ2dNdLEfXh4+Haz2bx+NilyIeQt0mkgCmi7WK0bhnH/9PT0DQGhEcKOEcDMhApqWdandV3/rWh4eawCi5jYdS6EprXqdStJ30eNZx0TW1WVDYfDty8uLj4gVDLCiiGAmZEWRRHAzIoinfI8cfefsjSzRRNLGd7S5qHZbWJiYcdx21ZxrywrhYrtBzMrlneVz4aZCVU/LzPLy8RmGBOX2avgXnKv7H2DweD/VI6njRwCMQ9M/0a32/1rORESya4QwMyEKpm1mama2Gwa8ckNsieftDmykaHxgLTQhFwzrEUzy3J2Yc2QOGxHCaS9UO0oBnnDysrM0piY7/tv9Xq9Hwu3nqrX6/dW3TtbRmxuhuvuZM+2VfJycZOIMLNN6HFsGgKYWRpaBbbNYteLo6Mjb29vb+XrUULziZpY0v6J0enEhOfKUldoVGUFJlhBp8LMCgLNaVJPIYGsIAKLFUraBRDh8ddzhAsvspyHv4mJLSJYZmrT6fSdfr9/Y3n9MnyvvPLK88Ph8N3F75mWKijhcjjNycnJF33ffz3Sdeo/cHIIiy53lACVmVBhN9n9I26qLs7E7t69O6rX6+Hmvkl5kHgRWmZoQRD8i+u6P5eEOe54HpBOoib7e8xMtj67Fl3SRWzXxlua8axrZsuMLFqJqTzsHJ1OVIUWd26VivLw8PBhs9l8f/Q8KsepxkW77RDAzLbDvapnxcyEKr+OmS0zsnBj3iAIpopV2PWD05PJRGn/xEV8S2JYWdmxbZXQJNwwrMV9GTVNmziOk2onmA1D4PAKEcDMhIq9aGZJO8WvmFoMgiDQVVYmbmJic4yWZf2zrusfjsEaa2g8IC00ATMIy7bt72ia9kJkipt9GTPgShfxBDAzoZkRs8nwX7qu+9tx4a66R6Y4vGAymXz17OzshxTbr2xmmua4Vqs986LNuAUhcbEPh8OHFxcX7KyehRhb7MOyLH/+V1QQBL5hGN1Op3O8xZA49Q4TwMxkints2/bpQmgvOY7zDcVpvcRRbfo8WNIJVBaExFVl4faQ6z6jlhQT3xdLIGb3j7/vdrsfKzYKzlYVApiZQKUPDg6+u7+//33R0OKWqK9ZkWVaha3Cl7QgZMkD0rc0TRsLlIWQUhA4Pj7+ehAELyXlcIouaQqBlQQwM4EJorr7h8rLMMPh5V2FrWNos1fJLOYfVZnAfFwnJMuyPF3Xnz6wH04zuq5bW6cvjoGACgHMTIVSwW1UzExxeX1hVdgyRCsWhDxzCA9IF5xoOZ5ucYpR1/UHnU7n6Runczw1XVeUAGYmUHgVM7t79+7jer3eXFypuM0qbBnKZQtCFtpTlQnMxXVCarfbnzMM45eZYlyHHsesSwAzW5dcjsfFrGRc+YblsP3sPWL/e3Z29mqOoa3dtWmao1qtFvuMEQ9Ir41V5IG2bU80TdubBxcmp+u6K/cIFTkQgioVAcxMoFxZbDIscFjaint8VGUSBVszppj8/abjOAdrdsdhEFAigJkpYSq20a6+BmXV6kvP88a9Xi9cycinxARM0/yDWq32J9EhBEHwIdd1/73EwyL0EhDAzASKtM5WVgKHcSMklZWXvu/f73a7b0gfC/EtJ2Db9iNN094TbcHCHjKmCAKYWRGUU55j18xsycPRsVQwtJTJIqx5TO5+x3Gc9woLk3B2kABmJlDUXTOzuHuA4V6TtVrNiNszEkMTmJQKIVmW9dO6rv9btKnneZ/s9XqfUjicJhDYiABmthG+fA5evPiX+b1eSbvoJ+0Skg9hes2DgGVZU13XbzwYzRRjHqTpM44AZiYwLxbNzPO8T/V6vU8KDHVlSHH3yeKW4cdVbizXL5fatm1/W9O0p9OJs1c1vMsUY7l0LHO0mJkw9V5++eUPjsfjt6JhOY7zoqZp4Y310nyW3ScbjUbn5+fnrehA2u32Fw3DeH1xcKGhBUHw+W63+4ulGXgFA100sjkCqrIKJsMWh4yZbRF+3KnjTKCMF4W46cNV72RbZmgho9lbske9Xq8pTK7Kh9Nut//VMIyfWQTh+/6Xut3uz1YeEAAKI4CZFYZa7UQqW1mp9bS9Vkn3yZZFZprmN2u12gcSIucB6+1Je+PMy4zMMIyL09PTO0LCJIyKEMDMhAlddjNTvU+2wtDCba/CF3uuzM1ZtXbR6/W4aG4hh5cZWTgdPpsW30JUnLLKBDAzYeqX2czu3LnTv3Xr1t1FpKPR6PL8/PxQFXW73f4HwzB+IcnQ5lOQ4etkeKGnKt3N25mm+ZFarfaPMT1hZJvjpYc1CWBma4LL67Ayb2W17vTiKpaKr7qZdxH4vn/W7XbNvPSper/LjIzNhKueGdsfP2a2fQ1uRFBWM9t0ejFJBtM0zw3DOIx7yHrJsYHneZ/r9Xq/ktQ336sTWPIYBbviqyOkZU4EMLOcwK7bbRl3zD86OvL29vaeecVHXqswVfZ5fFqqBYHGNOS62XjzOMuyfH3hrwmeB8yGLb1sTgAz25xhpj2UbSurrO6TrQPRNM2hYRi3VKs1iS8uXWfc2zgmzsjCODzP+2iv1/vCNmLinBCIEsDMhOVDWczMNE2vVquF+ROXQ4UuyDBN8+9qtdrHVBaMRCs23/ever3ec8JSQFQ4JycnHd/37bigMDJRUlU+GMxMWApIM7PwIe7QtFYY1w2C2552arfbPcMwwhWVyrk9r9g8z3vc6/WeF5YSWwnHNM2/MQzj15ZVvRjZVmThpCsIKP/goVgMgUUzu7q6Gl1eXhax80XDNM2r0LSCILjOC9XpuyiZvO6TrUPfNM3HhmHspx1HaG6z8YeLSCpncLZte5qmPXMPdMZk7Hnel9ndY52M5Jg8CWBmedJdo+9FM5tOp7/T7/c/vUZXSw+JVluhcaW92Md1PBwOv2UYxnsGg8FelrFm1VfKJf7PnLYKBrdqSjEEEjLwPO/j/X7/b7PShX4gkBUBzCwrkhn00263P2QYxpcWKp2GpmmTdbq/ffv2888999yjebWVhWlF44he4Mv00PKmxjZnEB3//N9835/O/nvY7XZvvHF5HQ2LOCZpSjGMwTAM5/T09LiIeDgHBNYhgJmtQy2nY+KWuKtO26W9t5V2CPP7SrML2y+dnp5+Pm0fEtvbtj0NgqCWtdEvjnVufOG/h48K+L4f/oHyuNvtfv82uBwdHf16o9H4c8/zXlg1dl3Xp51OJ9xejA8ERBPAzATJo7KV1auvvvr+R48eXRZRbY3HY1/qtGFesrXb7Y5hGFZW06+qcUaqPG86nf5Fv9//PdVjVdqpmle06mRKUYUsbaQQwMykKKFpWpyZeZ7n52lcYZUQIvA870d6vd5/C8IhJpRtGVx4m8rzvLd6vd6Pp4WR1ryi/TOlmJY27SUQwMwkqDCLIc3OFmnCjt7bqWK1lYaVatvQ4Gq12lE4RTlf/TmbQlTtIlW76DTl/DyL/zbvcJ0p07AvwzCYUkylCo0lEfh/3t1BKMfAXhIAAAAASUVORK5CYII="
2020-02-16,"2/16/2020, 2:14:48 PM",CSRA Computer,Account,Trees/Limbs,12 yards,12,aaa,"data:image/png;base64,iVBORw0KGgoAAAANSUhEUgAAAbMAAACgCAYAAACG2IIGAAALz0lEQVR4Xu3dzYtjWRkH4NwkVYsWl7qQ6lQljbp05UIY0K24FxXEjSCIMP+C/gsDCn4s1FmMW0FQEBeCguhGcKVdnUrSDX6sdXS6b+6VW6SgujrpSlXnnHvOvU/BbDrJOe/7vIf6TZKbVDHwQ4AAAQIEMhcoMq9f+QQIECBAYCDMHAICBAgQyF5AmGU/Qg0QIECAgDBzBggQIEAgewFhlv0INUCAAAECwswZIECAAIHsBYRZ9iPUAAECBAgIM2eAAAECBLIXEGbZj1ADBAgQICDMnAECBAgQyF5AmGU/Qg0QIECAgDBzBggQIEAgewFhlv0INUCAAAECwswZIECAAIHsBYRZ9iPUAAECBAgIM2eAAAECBLIXEGbZj1ADBAgQICDMnAECBAgQyF5AmGU/Qg0QIECAgDBzBggQIEAgewFhlv0INUCAAAECwswZIECAAIHsBYRZ9iPUAAECBAgIM2eAAAECBLIXEGbZj1ADBAgQICDMnAECBAgQyF5AmGU/Qg0QIECAgDBzBggQIEAgewFhlv0INUCAAAECwswZIECAAIHsBYRZ9iPUAAECBAgIM2eAAAECBLIXEGbZj1ADBAgQICDMnAECBAgQyF5AmGU/Qg0QIECAgDBzBggQIEAgewFhlv0INUCAAAECwswZIECAAIHsBYRZ9iPUAAECBAgIM2eAAAECBLIXEGbZj1ADBAgQICDMnAECBAgQyF5AmGU/Qg0QIECAgDBzBggQIEAgewFhlv0INUCAAAECwswZIECAAIHsBYRZ9iPUAAECBAgIM2eAAAECBLIXEGbZj1ADBAgQICDMnAECBAgQyF5AmGU/Qg0QIECAgDBzBvYWmM1mVXPn+Xw+3PtB7kiAAIEIAsIsAnJXtpjNZvUmzJybrgxVHwQ6IuCXUkcGGbqNzbOyy/NS1/WgKIraM7TQ6tYnQGBfAWG2r1TP73f1rOw6w3w+d356fi60TyAVAb+MUplE4nUIs8QHpDwCPRcQZj0/APu2L8z2lXI/AgTaEBBmbahntudkMlmPx+PrVzDWZVlWq9VqnFkryiVAoKMCwqyjgz1kW9uelQ2Hw/Pz8/OPH3IfaxEgQOC+AsLsvnI9edx0Oq2L4pVj4krGnsxfmwRyERBmuUyqhTqvX45/tX1zWf7FxYVz08I8bEmAwG4Bv5Scjq0CDx8+/NfR0dFHbt5YVdVvF4vF57ARIEAgJQFhltI0Eqpl2/tkdV1XFxcXo4TKVAoBAgQuBYSZg/CKwLYga+7kQ9IOCwECqQoIs1Qn01Jd0+l0XRTFK18kLMhaGohtCRDYS0CY7cXUjzudnJz89fj4+BM3u33+/PmzZ8+ePeyHgi4JEMhRQJjlOLVANbsMPxCsZQkQCC4gzIIT57HBtsvwvU+Wx+xUSYCAC0CcgcFgcHZ2Vg6Hw1euUizL8p3VavU2JAIECKQu4JlZ6hMKXN/p6enXR6PRD29uU1VVtVgsXIYf2N/yBAgcRkCYHcYx21V2XIbv66qynajCCfRTQJj1c+6XXfu6qh4PX+sEOiYgzDo20H3bmU6n/ymK4sHN+6/X698vl8u39l3H/QgQIJCCgDBLYQot1ODlxRbQbUmAQDABYRaMNt2FfV1VurNRGQEC9xMQZvdzy/ZRgizb0SmcAIHXCAizHh2PXUH24sWL958+ffqhHlFolQCBjgkIs44NdFc7u4LM58l6cgC0SaDjAsKs4wNu2hNkPRiyFgn0XECYdfwACLKOD1h7BAhcCgizDh8EQdbh4WqNAIGXBIRZRw+EIOvoYLVFgMBWAWHWwYMhyDo4VC0RIPBaAWHWsQMiyDo2UO0QILCXgDDbiymPOwmyPOakSgIEDi8gzA5v2sqKgqwVdpsSIJCIgDBLZBBvUoYgexM9jyVAoAsCwizzKQqyzAeofAIEDiIgzA7CGGaRzR/PHMzn8+G2HQRZGHerEiCQn4AwS3Rm0+n0n0VRfLQpr67rQVVV6+VyOb4qV5AlOrgdZc1msx8NBoO36rr++3A4/MmTJ09+nFcHqiWQtoAwS3Q+0+m0LoqXx1OW5Qej0ejnRVF8cVvZvjQ4vWHOZrP3N/9D8seiKD67qfA78/n82+lVqyIC+QoIswRnN5vNysFgMLpeWvPsbL1ePx2Pxw8FWYJDu1HSdDpdb/7pf0VRPLhxszBLf4QqzExAmCU4sG0vIZZl+WI8Hh9tK7csy3K1Wm29LcH2Ol9SE2RFUVx/n7O+8T2owqzzp0CDsQWEWWzxW/bbXPTx0lyaZ2U3X3K8Wma9Xv9huVx+JrE2elvOdDqtihvDquu6+bffFUXxp6IoflGW5aL56S2SxgkEEBBmAVDfZMldF3ZsW3O9Xn93uVx+603289jDCWwLsmb1qqreWywWXzncTlYiQOCmgDBL6EzcJcjKsnxntVq9nVD5vS5FkPV6/JpPQECYJTCEqxL2DbP5fG5uicxtMpl8dTQa/XTby8BVVf1qsVh8PpFSlUGg0wJ+KSY03n3CTJClMbAmxMbjcfNZsa0faBdkacxJFf0REGYJzfqWMKt3fRNIQi10vpTbQmzzHplnZJ0/CRpMTUCYJTSRzSXdzUxuzkWQtTynfUKsrut1Xde/9tJiy8OyfS8FhFlCY28uy6/r5os/Xr4y3zOy9oY0mUy+MR6Pv7fr5cSryuomydbrr61Wq3fbq9bOBPorIMwSmv22lxm9R9bOgM7Ozv5cFMWndn2+T4i1Mxe7EtglIMwSOhvCrP1hPHr06IOqqo6FWPuzUAGBuwgIs7toBb7vycnJi+Pj4+Y7GV+ai2dngeEHg8HZ2dl7w+HwS7ft5OXE24TcTqAdAWHWjvvOXXdd0SjQwg2q+QsFzeq3PBuryrL85mq1+n64SqxMgMB9BYTZfeUCPe709HQ9Go22fnZJoB0efduf2rm+y3A4/Pf5+fmHD7+zFQkQOKSAMDuk5oHWel2gbba4fCbR/FRVdfl3z6qqav7772g0+sHR0dFvHj9+/Mvm5gOV1MlldgVZ88XOdV3/bLFYfLmTjWuKQAcFhFmiQ90j0O5UefML+q4/TUje9XGxHnPVy2377bp910uKVVX9bbFYfPKuVu5PgEC7AsKsXf/X7n7oQEu41SRKE2RJjEERBO4lIMzuxRbvQZtA2/atIPGK6MFOgqwHQ9ZipwWEWSbjvQq1Ld8QkkkH6ZW5+aOndVVV/1gsFh9Lr0IVESCwr4Aw21cqr/s9mEwmXyiK4t3RaHRclmU9Ho9jzvrub9ANBvd5zOVUiqK47bHbbm8utf/Lcrn8dF6jVS0BAtsEYv6CMwECBAgQIBBEQJgFYbUoAQIECMQUEGYxte1FgAABAkEEhFkQVosSIECAQEwBYRZT214ECBAgEERAmAVhtSgBAgQIxBQQZjG17UWAAAECQQSEWRBWixIgQIBATAFhFlPbXgQIECAQRECYBWG1KAECBAjEFBBmMbXtRYAAAQJBBIRZEFaLEiBAgEBMAWEWU9teBAgQIBBEQJgFYbUoAQIECMQUEGYxte1FgAABAkEEhFkQVosSIECAQEwBYRZT214ECBAgEERAmAVhtSgBAgQIxBQQZjG17UWAAAECQQSEWRBWixIgQIBATAFhFlPbXgQIECAQRECYBWG1KAECBAjEFBBmMbXtRYAAAQJBBIRZEFaLEiBAgEBMAWEWU9teBAgQIBBEQJgFYbUoAQIECMQUEGYxte1FgAABAkEEhFkQVosSIECAQEwBYRZT214ECBAgEERAmAVhtSgBAgQIxBQQZjG17UWAAAECQQSEWRBWixIgQIBATAFhFlPbXgQIECAQRECYBWG1KAECBAjEFBBmMbXtRYAAAQJBBIRZEFaLEiBAgEBMAWEWU9teBAgQIBBEQJgFYbUoAQIECMQUEGYxte1FgAABAkEEhFkQVosSIECAQEwBYRZT214ECBAgEERAmAVhtSgBAgQIxBQQZjG17UWAAAECQQSEWRBWixIgQIBATAFhFlPbXgQIECAQRECYBWG1KAECBAjEFBBmMbXtRYAAAQJBBP4PQmKKv9IaRSkAAAAASUVORK5CYII="
"2/16/2020, 2:23:40 PM",dc,Cash,Trees/Limbs,1 yards,213,Daniel,"data:image/png;base64,iVBORw0KGgoAAAANSUhEUgAAAbMAAACgCAYAAACG2IIGAAAGFElEQVR4Xu3VgQkAQAwCsbr/0p3jID/BGwvuPAIECBAgEBdY/P++T4AAAQIEzpg5AgIECBDICxizfIUCECBAgIAxcwMECBAgkBcwZvkKBSBAgAABY+YGCBAgQCAvYMzyFQpAgAABAsbMDRAgQIBAXsCY5SsUgAABAgSMmRsgQIAAgbyAMctXKAABAgQIGDM3QIAAAQJ5AWOWr1AAAgQIEDBmboAAAQIE8gLGLF+hAAQIECBgzNwAAQIECOQFjFm+QgEIECBAwJi5AQIECBDICxizfIUCECBAgIAxcwMECBAgkBcwZvkKBSBAgAABY+YGCBAgQCAvYMzyFQpAgAABAsbMDRAgQIBAXsCY5SsUgAABAgSMmRsgQIAAgbyAMctXKAABAgQIGDM3QIAAAQJ5AWOWr1AAAgQIEDBmboAAAQIE8gLGLF+hAAQIECBgzNwAAQIECOQFjFm+QgEIECBAwJi5AQIECBDICxizfIUCECBAgIAxcwMECBAgkBcwZvkKBSBAgAABY+YGCBAgQCAvYMzyFQpAgAABAsbMDRAgQIBAXsCY5SsUgAABAgSMmRsgQIAAgbyAMctXKAABAgQIGDM3QIAAAQJ5AWOWr1AAAgQIEDBmboAAAQIE8gLGLF+hAAQIECBgzNwAAQIECOQFjFm+QgEIECBAwJi5AQIECBDICxizfIUCECBAgIAxcwMECBAgkBcwZvkKBSBAgAABY+YGCBAgQCAvYMzyFQpAgAABAsbMDRAgQIBAXsCY5SsUgAABAgSMmRsgQIAAgbyAMctXKAABAgQIGDM3QIAAAQJ5AWOWr1AAAgQIEDBmboAAAQIE8gLGLF+hAAQIECBgzNwAAQIECOQFjFm+QgEIECBAwJi5AQIECBDICxizfIUCECBAgIAxcwMECBAgkBcwZvkKBSBAgAABY+YGCBAgQCAvYMzyFQpAgAABAsbMDRAgQIBAXsCY5SsUgAABAgSMmRsgQIAAgbyAMctXKAABAgQIGDM3QIAAAQJ5AWOWr1AAAgQIEDBmboAAAQIE8gLGLF+hAAQIECBgzNwAAQIECOQFjFm+QgEIECBAwJi5AQIECBDICxizfIUCECBAgIAxcwMECBAgkBcwZvkKBSBAgAABY+YGCBAgQCAvYMzyFQpAgAABAsbMDRAgQIBAXsCY5SsUgAABAgSMmRsgQIAAgbyAMctXKAABAgQIGDM3QIAAAQJ5AWOWr1AAAgQIEDBmboAAAQIE8gLGLF+hAAQIECBgzNwAAQIECOQFjFm+QgEIECBAwJi5AQIECBDICxizfIUCECBAgIAxcwMECBAgkBcwZvkKBSBAgAABY+YGCBAgQCAvYMzyFQpAgAABAsbMDRAgQIBAXsCY5SsUgAABAgSMmRsgQIAAgbyAMctXKAABAgQIGDM3QIAAAQJ5AWOWr1AAAgQIEDBmboAAAQIE8gLGLF+hAAQIECBgzNwAAQIECOQFjFm+QgEIECBAwJi5AQIECBDICxizfIUCECBAgIAxcwMECBAgkBcwZvkKBSBAgAABY+YGCBAgQCAvYMzyFQpAgAABAsbMDRAgQIBAXsCY5SsUgAABAgSMmRsgQIAAgbyAMctXKAABAgQIGDM3QIAAAQJ5AWOWr1AAAgQIEDBmboAAAQIE8gLGLF+hAAQIECBgzNwAAQIECOQFjFm+QgEIECBAwJi5AQIECBDICxizfIUCECBAgIAxcwMECBAgkBcwZvkKBSBAgAABY+YGCBAgQCAvYMzyFQpAgAABAsbMDRAgQIBAXsCY5SsUgAABAgSMmRsgQIAAgbyAMctXKAABAgQIGDM3QIAAAQJ5AWOWr1AAAgQIEDBmboAAAQIE8gLGLF+hAAQIECBgzNwAAQIECOQFjFm+QgEIECBAwJi5AQIECBDICxizfIUCECBAgIAxcwMECBAgkBcwZvkKBSBAgAABY+YGCBAgQCAvYMzyFQpAgAABAsbMDRAgQIBAXsCY5SsUgAABAgSMmRsgQIAAgbyAMctXKAABAgQIGDM3QIAAAQJ5AWOWr1AAAgQIEDBmboAAAQIE8gLGLF+hAAQIECDwfnYAoU8ggh0AAAAASUVORK5CYII="
"2/16/2020, 2:31:07 PM",nnn,Cash,Asphalt,5 yards,srtg,bab,db@email.com,"data:image/png;base64,iVBORw0KGgoAAAANSUhEUgAAAbMAAACgCAYAAACG2IIGAAARyUlEQVR4Xu2dT4/jSBmH7STTmwZ2QeKU0ah70toVRy5Ie+XIka/BFQnxFTggceZjcOTIjQv31R6c7myzkfYEyyzJZGIbuTcZMm7bqbLrz1vlpy+j6S5XvfX8Kvmp7Ldepwk/EDBE4OXLl7v5fP6Roe68dFOWZZKmaZll2cRLAAwKAQj0IpD2uoqLIFAjsFwuD2maTlvAlOe/L8vyad2l6ffLrzKQ08/pd6ffn//fJfQsy/hsuATOWBAYSIAP7ECAXJ4kr1+/zieTSeNOZrvdvt1sNnNPnG6Wy+XPkyT52XQ6XZZlebvf73/64sWLz2vxPPscYGaeFGNYCPQkgJn1BMdl3xO4u7srqk1WEw/PRqYs0d3d3Qc7x+pCzEwZHw0hIIIAZiZChjCD6DKykMwAMwtz/RE1BM4JYGash14EYjGy4+6SnVmvVcBFEJBDADOTo0UwkTTtZI7BB5kFyM4smKVHoBBoJYCZsTi0CCyXy7IlwzBII2NnpiU/jSEglgBmJlYaWYEtFovd9fV12xmyIsuytrR8WRNpiIadmXiJCBACFwlgZhcR0aDrMHSe58XDw0OwRsbOjPUNgTgIYGZx6GhtFl1nyPb7ff74+DizNrijjtmZOQLNMBCwSAAzswg39K5vbm7y2Wwm8TC0UbSYmVGcdAYBLwQwMy/Y5Q/alnpflZ7a7XY+q3oYh4eZGUdKhxBwTgAzc45c/oAxnSFToY2ZqVCiDQRkE8DMZOvjPLquHdlqtYpyvWBmzpcZA0LAOIEov5yMUxpJh7EdhlaVDTNTJUU7CMglgJnJ1cZpZDEehlYFiJmpkqIdBOQSwMzkauMksq7D0EVRFPf390GfIVOBiJmpUKINBGQTwMxk62M1uuVyuUvTtLGqx+FwKNbrdfRGVgHGzKwuMzqHgBMCmJkTzPIGub29zafTafRnyFTIN9xiDbbOpMp8aQOBGAlgZjGqemFOd3d3eZIkGNmRU8PODDMb4eeCKYdNADMLWz/t6MeYen8JEmZ2iRB/h4B8ApiZfI2MRTi2w9Aq4D777LPP8zz/+3nbd+/e/farr776k8r1tIEABGQQwMxk6GA9ijGn3nfBbao/mWUZnwvrK5IBIGCWAB9aszxF9taxIxv9s6EmNpiZyGVMUBDoJICZRb5AMLJugevPy6pCyrGW7Yp8qTO9kRPAzCJeAB3p90G/GdqkZJiZSZr0BQF/BDAzf+ytjvzq1avD1dXVs0PPZVkWq9VqFIehVQCTyahCiTYQkE8AM5OvkXaEHSWqRv+MrA6zbmaxvD1be9FwAQQCJ4CZBS5gU/ht1e9JbPiQ1qeffvqHoih+f/7boih+dX9//9cIlwVTgkDUBDCzyOTFyNQFJZNRnRUtISCdAGYmXSGN+NoyF7fb7dvNZjPX6GoUTTGzUcjMJEdCADOLRGiMTF9IMhn1mXEFBKQSwMykKqMR1+vXr/PJZPKscPBY3kemgeqDpmQy9iXHdRCQRwAzk6eJVkRkLmrhwsz64+JKCIgmgJmJlqc7OIxskHjzu7u77XkPPFscxJOLIeCVAGbmFf+wwZsyFynHpMa06VB5lmWvkiT5p1oPtIIABCQRwMwkqaERCyn4GrAampLJOIwfV0NAGgHMTJoiCvGQuagA6UKTOkN2tMOZ0gMEfBLAzHzS7zE2RtYDWvPOrKz9mlJfZtDSCwS8EMDMvGDvN2hbCv7hcCjW6zXFgxWxNj0vOxwO+Xq9nil2QTMIQEAYAcxMmCBt4ZC5aE6opueN1K00x5eeIOCDAGbmg7rmmBiZJrCO5i0sucVoDjE9QcALAczMC3a9QZfLZZmmz6ViN6HHsWpNFqM+M66AQAgEMDPhKnGWzKxA1GM0y5PeICCFAGYmRYmGOMhcNCtOE09exmmWMb1BwBcBzMwX+QvjYmTmhWFXZp4pPUJACgHMTIoSZ3G0peAnSVJkWUYKfg/NSPzoAY1LIBAQAcxMmFhkLtoRhMQPO1zpFQJSCGBmUpRIkgQjsycG7y6zx5aeISCBAGYmQYVjDE0p+NQMHC5Q066M170M50oPEJBEADMTogZnyewJ0cSWM3r2eNMzBHwQwMx8UK+NSeaiPRFa6jBSy9IecnqGgBcCmJkX7P8f9Pb2Np9Op5N6GJx/MiMMuzIzHOkFAtIJYGYeFVoul3maps+MLM/z4uHhgRR8A9qQ+GEAIl1AIAACmJknkchctA+exA/7jBkBAlIIYGaelGiquZgkCdXbDerBq14MwqQrCAgngJl5EIjiwfahU4fRPmNGgIAkApiZYzVadmQJqeJmhWBXZpYnvUFAOgHMzKFCpOC7gX1zc5PPZrN6Yg23cN3gZxQIeCGAmTnC3lY8+HA4cObJsAak4xsGSncQCIAAZuZApLu7u0OSJE2p9lTBN8y/6ZA0iTWGIdMdBAQSwMwsi0IKvmXAte7ZlbnlzWgQkEIAM7OsBAkflgGfdc87y9yxZiQISCOAmVlUhBR8i3AbumZX5pY3o0FAEgHMzJIaVMG3BLalW3ZlbnkzGgSkEcDMLChCCr4FqBe6pHSVe+aMCAFJBDAzw2q0GVlRFMX9/b334sHHM1hPupdlqaV/mqZiz2rVb+nyUlPDC5vuICCcgNaXmfC5eA+vzcjKsixXq9Wz6viuAq4MrHrNTJoOk7syiNPParUa1pnBybMrMwiTriAQKAExX0iB8nsftjQjq+Kpdl5DDaxNFyk7nzbulAcL/RNF/BDQI4CZ6fFqbN32her6sK5tA6tP3rehtZStSmaz2V++/PLLXxuQli4gAIFACGBmA4VaLpdFy/bH+vOlYwbfle4OrDKh6vlXj6nX14v1ObbF2GZkx/be4urBlEsgAAEDBDCzARDb3hRtc0d2LNc06Wtg2+12v9ls5n2mXTeQkylmWeb0eWDHTvhpWtvt9m3fOfbhwjUQgIB/AphZTw26dgamn9ecDCxJEi29bJhN/fyc61uNF4yMHVnP9cxlEAidgNaXY+iTNRW/KyPrqOvYOpXKXPI8t1aJ35eZtRQQfs+Btw+YWt30A4EwCWBmmrq5MrK2CiJN4do2sPMxfZgZtxU1FynNITBCApiZhug3Nze72Wz2UdMlJm8tKhpZud/vi8fHx5nGFAY3dWlm1c50Pp9/1Ha8wKWJDwZHBxCAgFUCmJki3q5bfqaMrOvL+/T8y4eB+diZXchWrKqXJLvdjkQPxfVLMwjETgAzU1C4zciOyQ+/SJLkHwrddDbpMktJz4Ns78wUkl3Kw+Hwm/V6/eehzLkeAhCIhwBmdkHLLpN58+bNH7/55pvfDV0OXWNISzO3YWYKBvaEWJKpD9Wc6yEAAbMEMLMOnl0mc3V19bcvvvjil0Pl6LqdJs3IqrmaMjNVA6vG5Jbi0FXG9RCInwBm1qFxWyJGWZZvV6tVr4PH58OFZmRDzUy3YomNc3Lxf6SZIQTGSWB0ZnaqX3iSu+21Jr6MzPUhZN1lr7sz0zWw006s0mVItRLdedEeAhAIm8AYzexZTcJ6NmL93VgniU3tyDoq7CeSXq3StLRVzaxn0WMMLOzvE6KHgDcCmNnxmczZTq1RjLIs361Wq6uhSoVsZPXbjPVzXn0NzPdxg6Gacj0EIOCfAGamoEFVHurh4WHwW6KlvCpGYcqNTRaLxXfX19c/qP2xeveo7nvTvBz47jtvroMABOQTGJ2Z3dzcFLPZU9EMpbnneV4+PDwMrgrfUdUjmOK4l8pKdS13qnXI/zIgQgiETEDpCz3kCbbF3vZc7NS+KIpyMpkkpl5v0pK5GIyRXarI0cQZA4vxk8OcICCTwGjN7GyH9kyZw+GQrNfrwbuxU8dNz5JCOABcGdh0Op201UbEwGR+qIkKAmMkMFozcym2agagy5iqQ8vT6fRJ/9O/p/F1n4FxHsylcowFAQg0EcDMHKwL22Z2e3ubn6ZxbkyVKZ1PT2eHdQkLBnaJEH+HAARcEsDMHNBuSv44msFTqSbdH5OmpDv2qf12u/3vZrP5Yd/ruQ4CEICASQKYmUmaLX0pvp/MQSTqQ5ybbd08pVcpUZ8lLSEAgVgIYGYOlDwV1dV9FuUgtPdDnO8Qq1JSh8OhXK/XT2frGjI/g8nCdMmQsSAAAX8EMDOH7F3s0OqmdD69PrUOm1LyucXocNEwFAQgoEQAM1PCZKbR2WtPenVY7ZZms1l6vmvq1ZHGRbaTVzRCoSkEIACBVgKYGYujkwC3GFkgEIBACAQwsxBU8hRjU/mq+hsGPIXGsBCAAAQ+IICZsSBaCXCLkcUBAQiEQgAzC0Upx3G2Vcg3VavS8XQYDgIQiJwAZha5wH2nxy3GvuS4DgIQ8EEAM/NBPYAxucUYgEiECAEIvCeAmbEYnhE4HiH44GWk+/0+f3x8fHoRHD8QgAAEpBHAzKQpIiCepsPdZDEKEIYQIACBVgKYGYvjGQHOlrEoIACB0AhgZqEpZjnepsSP7Xb73Waz+ZHloekeAhCAQG8CmFlvdHFeSOJHnLoyKwjETgAzi11hjfktFos319fX9XeUUSFfgyFNIQABPwQwMz/cRY7K2TKRshAUBCCgQAAzU4A0liYkfoxFaeYJgfgIYGbxadprRk3vLeNsWS+UXAQBCHgggJl5gC5xSBI/JKpCTBCAgCoBzEyVVOTtuMUYucBMDwKRE8DMIhdYZXpNtxip+KFCjjYQgIAUApiZFCU8xlFlMZZlmabp98uhLMtktVqxNjxqwtAQgIAeAb6w9HhF2ZrnZVHKyqQgMCoCmNmo5G6eLGbGIoAABEIngJmFrqCB+DEzAxDpAgIQ8EoAM/OKX8bgTa984YyZDG2IAgIQUCOAmalxirrV8WWckyRJ6uuBuoxRK8/kIBAPAcwsHi0HzaSpLmPVYZXZuNvt/rPZbD4ZNAAXQwACELBIADOzCDekrheLxbfX19cfd8TMLi0kQYkVAiMjgJmNTPBL023boZ12aZw/u0SQv0MAAj4IYGY+qAsfs6kiyHnIh8OhWK/XU+HTIDwIQGBEBDCzEYmtO9WmLMezPsr9fl88Pj7OdPulPQQgAAHTBDAz00Qj66/rtuPp1mOapuV2u62SRH4c2fSZDgQgEAgBzCwQoXyGWSWHzOfzj0+1G9tiqTIfK2PLsqxK8+cHAhCAgDMCmJkz1OEPVC9I3DWjytjevXuXcxsyfN2ZAQRCIICZhaCSoBgXi8W/jyn8OmuH25CCNCQUCMRIQOcLKcb5M6cBBKrKIS9evJheuv14GoLbkANgcykEINBJADNjgRghoHMLshqwMrY8z0nxN0KfTiAAAcyMNWCUQN/bkKT5G5WBziAwOgKY2egkdzfhjgLGjUFwG9KdNowEgdgIYGaxKSp0PlVVkel0OuH5mlCBCAsCgRPAzAIXMMTwdZ+vVY/YuA0ZotLEDAF3BDAzd6wZqUag7/M1qo2wlCAAgToBzIw1IYIAtyFFyEAQEAiWAGYWrHTxBq57G5I0/3jXAjODgCoBzEyVFO2cE+A2pHPkDAiBYAlgZsFKN67AqTYyLr2ZLQR0CWBmusRo750AtyG9S0AAEBBHADMTJwkB6RDQNbYqzX+323379ddf/0RnHNpCAAKyCWBmsvUhOkUCVBtRBEUzCERKADOLVNgxT0s3zZ/d2phXC3OPhQBmFouSzKORgM5tSF4oyiKCQLgEMLNwtSNyDQIvX77813w+/yRJkotrnoLHGmBpCgEhBC5+sIXESRgQMEZAZ7dGXUhj2OkIAlYJYGZW8dK5ZAI6Z9fYrUlWktggoHDLBUgQGAOBaremcgvyyIL0/jEsCuYYFAF2ZkHJRbC2CbBbs02Y/iFghwBmZocrvQZOQCdhhN1a4GITfhQEMLMoZGQSNgnonFsjvd+mEvQNgXYCmBmrAwKKBHR2aySMKEKlGQQMEcDMDIGkm3ERIL1/XHozW/kEMDP5GhGhYAIkjAgWh9BGRQAzG5XcTNYmAZ30/t1u928q99tUg77HRgAzG5vizNc6AZXdWpZlfPasK8EAYyLAB2pMajNXpwQ6EkbKLMsmToNhMAhETgAzi1xgpieDwHl6P7cYZWhCFHERwMzi0pPZQAACEBglgf8BodcNGQlX/sQAAAAASUVORK5CYII="
